km,lat,lon,ele,score,operators,radios,nearest_m,cell_count
0.0,22.335186,103.841252,1489.70519184011,dense,Mobifone|Vietnamobile|Viettel|Vinaphone,GSM|LTE|UMTS,33,230
0.25,22.336279462355943,103.8400091872034,1509.5871662034635,dense,Mobifone|Vietnamobile|Viettel|Vinaphone,GSM|LTE|UMTS,107,227
0.5,22.335492226026865,103.84224917714884,1495.945883652417,dense,Mobifone|Vietnamobile|Viettel|Vinaphone,GSM|LTE|UMTS,60,230
0.75,22.33557523811384,103.84409321901785,1528.3499701091466,dense,Mobifone|Vietnamobile|Viettel|Vinaphone,GSM|LTE|UMTS,48,230
1.0,22.33463250129494,103.84605805282179,1574.09354828166,dense,Mobifone|Vietnamobile|Viettel|Vinaphone,GSM|LTE|UMTS,41,230
1.25,22.33330753197994,103.84782865522808,1608.830378724006,dense,Mobifone|Vietnamobile|Viettel|Vinaphone,GSM|LTE|UMTS,79,228
1.5,22.33300327330726,103.84941902572547,1650.3553723080483,dense,Mobifone|Vietnamobile|Viettel|Vinaphone,GSM|LTE|UMTS,183,229
1.75,22.33329967154578,103.85069397804398,1635.0405264213634,dense,Mobifone|Vietnamobile|Viettel|Vinaphone,GSM|LTE|UMTS,288,227
2.0,22.333764878753232,103.85297416657139,1682.749234609594,dense,Mobifone|Vietnamobile|Viettel|Vinaphone,GSM|LTE|UMTS,373,225
2.25,22.333738398441366,103.85533163283029,1722.9154520942202,dense,Mobifone|Vietnamobile|Viettel|Vinaphone,GSM|LTE|UMTS,499,225
2.5,22.334525699272596,103.8574337970904,1757.6925037168671,dense,Mobifone|Vietnamobile|Viettel|Vinaphone,GSM|LTE|UMTS,623,225
2.75,22.33396679497498,103.85937805996664,1814.0091181312794,dense,Mobifone|Vietnamobile|Viettel|Vinaphone,GSM|LTE|UMTS,782,225
3.0,22.332427216123374,103.86054224113799,1841.0012053649273,dense,Mobifone|Vietnamobile|Viettel|Vinaphone,GSM|LTE|UMTS,773,225
3.25,22.331679802671314,103.86270662537748,1886.567895406848,dense,Mobifone|Vietnamobile|Viettel|Vinaphone,GSM|LTE|UMTS,944,218
3.5,22.330083745016857,103.86386835132839,1889.3174742825772,dense,Mobifone|Vietnamobile|Viettel|Vinaphone,GSM|LTE|UMTS,905,210
3.75,22.328550565443276,103.86547596857719,1856.6824152899362,dense,Mobifone|Vietnamobile|Viettel|Vinaphone,GSM|LTE|UMTS,730,201
4.0,22.328186664477833,103.86751208119708,1810.233972460385,dense,Mobifone|Vietnamobile|Viettel|Vinaphone,GSM|LTE|UMTS,735,189
4.25,22.32716564317859,103.86941108808028,1769.6742765977024,dense,Mobifone|Vietnamobile|Viettel|Vinaphone,GSM|LTE|UMTS,732,157
4.5,22.326819924202734,103.87150426529043,1736.8111937061353,dense,Mobifone|Vietnamobile|Viettel|Vinaphone,GSM|LTE|UMTS,857,117
4.75,22.326390294921733,103.87279284316406,1700.4774300322836,dense,Mobifone|Vietnamobile|Viettel|Vinaphone,GSM|LTE|UMTS,939,101
5.0,22.327345766925383,103.87470852386078,1684.855899053606,dense,Mobifone|Vietnamobile|Viettel|Vinaphone,GSM|LTE|UMTS,1131,84
5.25,22.32583645701316,103.8762400573158,1635.3786265570648,dense,Mobifone|Vietnamobile|Viettel|Vinaphone,GSM|LTE|UMTS,904,69
5.5,22.32429738546013,103.87684518436197,1603.1013971569885,dense,Mobifone|Vietnamobile|Viettel|Vinaphone,GSM|LTE|UMTS,728,58
5.75,22.323074234977508,103.8768852161436,1547.4459480162632,dense,Mobifone|Vietnamobile|Viettel|Vinaphone,GSM|LTE|UMTS,620,53
6.0,22.322224695242717,103.87650616189606,1493.8509233366913,dense,Mobifone|Vietnamobile|Viettel|Vinaphone,GSM|LTE|UMTS,585,53
6.25,22.32245233406466,103.87475100658196,1470.9645285895858,dense,Mobifone|Vietnamobile|Viettel|Vinaphone,GSM|LTE|UMTS,749,66
6.5,22.321568287790104,103.87303292570914,1464.0399897714053,dense,Mobifone|Vietnamobile|Viettel|Vinaphone,GSM|LTE|UMTS,758,80
6.75,22.321992296956083,103.87073797376915,1471.7088839449345,dense,Mobifone|Vietnamobile|Viettel|Vinaphone,GSM|LTE|UMTS,590,104
7.0,22.321686850045907,103.86854346672787,1485.3305529355064,dense,Mobifone|Vietnamobile|Viettel|Vinaphone,GSM|LTE|UMTS,366,126
7.25,22.322705683175293,103.86661005998056,1485.3933682936902,dense,Mobifone|Vietnamobile|Viettel|Vinaphone,GSM|LTE|UMTS,183,177
7.5,22.32267313243408,103.86429165542599,1481.3586080517189,dense,Mobifone|Vietnamobile|Viettel|Vinaphone,GSM|LTE|UMTS,104,199
7.75,22.32364400761695,103.86231740898499,1488.288360800259,dense,Mobifone|Vietnamobile|Viettel|Vinaphone,GSM|LTE|UMTS,331,219
8.0,22.323424246263258,103.86055153018431,1456.3073826520424,dense,Mobifone|Vietnamobile|Viettel|Vinaphone,GSM|LTE|UMTS,275,223
8.25,22.323332114818008,103.85833745927204,1445.2130033801313,dense,Mobifone|Vietnamobile|Viettel|Vinaphone,GSM|LTE|UMTS,231,224
8.5,22.3228093776535,103.8561764797763,1431.1814640910397,dense,Mobifone|Vietnamobile|Viettel|Vinaphone,GSM|LTE|UMTS,225,227
8.75,22.32306091036236,103.85559970148034,1414.7911210430814,dense,Mobifone|Vietnamobile|Viettel|Vinaphone,GSM|LTE|UMTS,165,227
9.0,22.324975167821837,103.85493724984248,1396.0494112743384,dense,Mobifone|Vietnamobile|Viettel|Vinaphone,GSM|LTE|UMTS,149,224
9.25,22.32427491331861,103.85437291999534,1382.0331103367928,dense,Mobifone|Vietnamobile|Viettel|Vinaphone,GSM|LTE|UMTS,147,225
9.5,22.32232734387485,103.85430439051264,1374.472807832678,dense,Mobifone|Vietnamobile|Viettel|Vinaphone,GSM|LTE|UMTS,81,224
9.75,22.320706937997024,103.85393697069216,1331.0362115623732,dense,Mobifone|Vietnamobile|Viettel|Vinaphone,GSM|LTE|UMTS,33,225
10.0,22.319931195465088,103.85256501291626,1275.4180604008757,dense,Mobifone|Vietnamobile|Viettel|Vinaphone,GSM|LTE|UMTS,190,224
10.25,22.318506282247004,103.85137594669253,1227.7239428786722,dense,Mobifone|Vietnamobile|Viettel|Vinaphone,GSM|LTE|UMTS,387,223
10.5,22.316766463668976,103.85142847221745,1182.832049248714,dense,Mobifone|Vietnamobile|Viettel|Vinaphone,GSM|LTE|UMTS,532,221
10.75,22.316195992324914,103.85078757906112,1132.624147541571,dense,Mobifone|Vietnamobile|Viettel|Vinaphone,GSM|LTE|UMTS,620,220
11.0,22.315135768928723,103.84972082894002,1092.2613891812255,dense,Mobifone|Vietnamobile|Viettel|Vinaphone,GSM|LTE|UMTS,776,218
11.25,22.31639054758811,103.84803363337664,1110.655037503696,dense,Mobifone|Vietnamobile|Viettel|Vinaphone,GSM|LTE|UMTS,800,217
11.5,22.31751931284064,103.84634173743187,1139.898646490161,dense,Mobifone|Vietnamobile|Viettel|Vinaphone,GSM|LTE|UMTS,798,215
11.75,22.31944335199763,103.84651600800082,1163.2751443650172,dense,Mobifone|Vietnamobile|Viettel|Vinaphone,GSM|LTE|UMTS,623,216
12.0,22.320636978102524,103.8465234795616,1156.591210003839,dense,Mobifone|Vietnamobile|Viettel|Vinaphone,GSM|LTE|UMTS,521,217
12.25,22.322263837332944,103.84548901397326,1178.8053335639445,dense,Mobifone|Vietnamobile|Viettel|Vinaphone,GSM|LTE|UMTS,321,224
12.5,22.323592062798223,103.84393012355149,1185.2106163106982,dense,Mobifone|Vietnamobile|Viettel|Vinaphone,GSM|LTE|UMTS,106,227
12.75,22.32511197138331,103.84338876505926,1237.3100071612987,dense,Mobifone|Vietnamobile|Viettel|Vinaphone,GSM|LTE|UMTS,107,229
13.0,22.326039776620142,103.84474677766201,1314.7330372138117,dense,Mobifone|Vietnamobile|Viettel|Vinaphone,GSM|LTE|UMTS,180,229
13.25,22.32595480791626,103.84567545094716,1358.2539660027148,dense,Mobifone|Vietnamobile|Viettel|Vinaphone,GSM|LTE|UMTS,230,227
13.5,22.32747716201752,103.8449986201752,1390.6411744370018,dense,Mobifone|Vietnamobile|Viettel|Vinaphone,GSM|LTE|UMTS,118,230
13.75,22.329109825174992,103.84516873819922,1417.996300658692,dense,Mobifone|Vietnamobile|Viettel|Vinaphone,GSM|LTE|UMTS,86,229
14.0,22.33107120498108,103.84407909893262,1431.6910782111795,dense,Mobifone|Vietnamobile|Viettel|Vinaphone,GSM|LTE|UMTS,95,230
14.25,22.332893809580916,103.8427931737724,1472.5124930840313,dense,Mobifone|Vietnamobile|Viettel|Vinaphone,GSM|LTE|UMTS,24,232
14.5,22.334594533671318,103.84210581546841,1493.293618038135,dense,Mobifone|Vietnamobile|Viettel|Vinaphone,GSM|LTE|UMTS,46,231
14.75,22.33499322520005,103.8428164508695,1501.2427556713835,dense,Mobifone|Vietnamobile|Viettel|Vinaphone,GSM|LTE|UMTS,19,231
15.0,22.33518406118791,103.84473020410907,1548.805744729179,dense,Mobifone|Vietnamobile|Viettel|Vinaphone,GSM|LTE|UMTS,95,231
15.25,22.33423,103.84666104748977,1582.3663029703619,dense,Mobifone|Vietnamobile|Viettel|Vinaphone,GSM|LTE|UMTS,109,230
15.5,22.33282148300941,103.8484047682042,1619.1240859217653,dense,Mobifone|Vietnamobile|Viettel|Vinaphone,GSM|LTE|UMTS,137,229
15.75,22.33368294188742,103.84927743843514,1639.4898913355862,dense,Mobifone|Vietnamobile|Viettel|Vinaphone,GSM|LTE|UMTS,136,229
16.0,22.33342296361113,103.85145416351861,1649.6586785453121,dense,Mobifone|Vietnamobile|Viettel|Vinaphone,GSM|LTE|UMTS,361,226
16.25,22.33384,103.85373692522595,1705.5562750223014,dense,Mobifone|Vietnamobile|Viettel|Vinaphone,GSM|LTE|UMTS,394,225
16.5,22.333896905927563,103.8560490498607,1728.8978472131303,dense,Mobifone|Vietnamobile|Viettel|Vinaphone,GSM|LTE|UMTS,541,222
16.75,22.334472800807397,103.85814319650129,1772.2955726646187,dense,Mobifone|Vietnamobile|Viettel|Vinaphone,GSM|LTE|UMTS,692,228
17.0,22.333353903005133,103.85929016722955,1826.3978802271433,dense,Mobifone|Vietnamobile|Viettel|Vinaphone,GSM|LTE|UMTS,728,225
17.25,22.332273656690703,103.86125650528274,1859.3533471479104,dense,Mobifone|Vietnamobile|Viettel|Vinaphone,GSM|LTE|UMTS,830,222
17.5,22.331325338826627,103.86330263891284,1890.8967864404055,dense,Mobifone|Vietnamobile|Viettel|Vinaphone,GSM|LTE|UMTS,957,210
17.75,22.329607552369115,103.86441372381545,1874.3642720478072,dense,Mobifone|Vietnamobile|Viettel|Vinaphone,GSM|LTE|UMTS,848,203
18.0,22.32853556618901,103.86598015071648,1843.8301574285604,dense,Mobifone|Vietnamobile|Viettel|Vinaphone,GSM|LTE|UMTS,734,197
18.25,22.328001601075105,103.86825390776634,1805.4683424659343,dense,Mobifone|Vietnamobile|Viettel|Vinaphone,GSM|LTE|UMTS,747,180
18.5,22.326931465955937,103.87007673379804,1761.5779281932225,dense,Mobifone|Vietnamobile|Viettel|Vinaphone,GSM|LTE|UMTS,757,141
18.75,22.326513660479307,103.87215517440087,1720.1976467373445,dense,Mobifone|Vietnamobile|Viettel|Vinaphone,GSM|LTE|UMTS,891,105
19.0,22.32679159534932,103.87330966976799,1702.1630485520957,dense,Mobifone|Vietnamobile|Viettel|Vinaphone,GSM|LTE|UMTS,1007,96
19.25,22.327067204248515,103.8753209706426,1673.2496699240999,dense,Mobifone|Vietnamobile|Viettel|Vinaphone,GSM|LTE|UMTS,1070,76
19.5,22.325361262514033,103.87682397654788,1624.0090082975769,dense,Mobifone|Vietnamobile|Viettel|Vinaphone,GSM|LTE|UMTS,828,59
19.75,22.324127446162013,103.8765613445631,1590.697810030168,dense,Mobifone|Vietnamobile|Viettel|Vinaphone,GSM|LTE|UMTS,730,58
20.0,22.322869827985027,103.87756412601581,1540.7945053958983,dense,Mobifone|Vietnamobile|Viettel|Vinaphone,GSM|LTE|UMTS,557,52
20.25,22.32280544662661,103.87605110497536,1489.2935378666389,dense,Mobifone|Vietnamobile|Viettel|Vinaphone,GSM|LTE|UMTS,662,59
20.5,22.32254117282592,103.87398802956443,1469.4770479262743,dense,Mobifone|Vietnamobile|Viettel|Vinaphone,GSM|LTE|UMTS,822,77
20.75,22.32167140556071,103.87227777596543,1462.433495994507,dense,Mobifone|Vietnamobile|Viettel|Vinaphone,GSM|LTE|UMTS,750,89
21.0,22.322185388464472,103.87005584487734,1477.2396208893144,dense,Mobifone|Vietnamobile|Viettel|Vinaphone,GSM|LTE|UMTS,520,112
21.25,22.321709658086988,103.8678437723952,1486.9351747897522,dense,Mobifone|Vietnamobile|Viettel|Vinaphone,GSM|LTE|UMTS,294,141
21.5,22.322887693215343,103.86587420353966,1480.2101760292853,dense,Mobifone|Vietnamobile|Viettel|Vinaphone,GSM|LTE|UMTS,134,191
21.75,22.32288223605841,103.863564653781,1482.824534251365,dense,Mobifone|Vietnamobile|Viettel|Vinaphone,GSM|LTE|UMTS,177,205
22.0,22.32405907074672,103.8616965221786,1482.9394407137263,dense,Mobifone|Vietnamobile|Viettel|Vinaphone,GSM|LTE|UMTS,382,220
22.25,22.323081979381588,103.85991177319747,1454.4605258777324,dense,Mobifone|Vietnamobile|Viettel|Vinaphone,GSM|LTE|UMTS,232,223
22.5,22.32298892168064,103.8576510786764,1438.939325189044,dense,Mobifone|Vietnamobile|Viettel|Vinaphone,GSM|LTE|UMTS,233,224
22.75,22.322391738619324,103.85554751939513,1428.1219846963866,dense,Mobifone|Vietnamobile|Viettel|Vinaphone,GSM|LTE|UMTS,173,227
23.0,22.323644349676705,103.85515338254312,1402.3003160095009,dense,Mobifone|Vietnamobile|Viettel|Vinaphone,GSM|LTE|UMTS,139,224
23.25,22.325552057532136,103.85462247615425,1391.0696699783452,dense,Mobifone|Vietnamobile|Viettel|Vinaphone,GSM|LTE|UMTS,81,227
23.5,22.323617759289416,103.85408805781576,1379.4385434481787,dense,Mobifone|Vietnamobile|Viettel|Vinaphone,GSM|LTE|UMTS,69,225
23.75,22.32175929193208,103.85477636839835,1376.6288489601875,dense,Mobifone|Vietnamobile|Viettel|Vinaphone,GSM|LTE|UMTS,116,226
24.0,22.32004022053934,103.8536893984854,1317.0789977816812,dense,Mobifone|Vietnamobile|Viettel|Vinaphone,GSM|LTE|UMTS,111,225
24.25,22.319710295123887,103.85205387710275,1258.6709769887066,dense,Mobifone|Vietnamobile|Viettel|Vinaphone,GSM|LTE|UMTS,246,224
24.5,22.31799048657193,103.85084918483413,1215.426604748434,dense,Mobifone|Vietnamobile|Viettel|Vinaphone,GSM|LTE|UMTS,466,223
24.75,22.31648830441491,103.85163241285899,1164.92932757585,dense,Mobifone|Vietnamobile|Viettel|Vinaphone,GSM|LTE|UMTS,529,220
25.0,22.31603467906386,103.8500732327648,1127.3823093973074,dense,Mobifone|Vietnamobile|Viettel|Vinaphone,GSM|LTE|UMTS,684,221
25.25,22.315525914215804,103.84932452069707,1098.3939972628125,dense,Mobifone|Vietnamobile|Viettel|Vinaphone,GSM|LTE|UMTS,776,219
25.5,22.316627670481562,103.84729843172812,1106.041165332513,dense,Mobifone|Vietnamobile|Viettel|Vinaphone,GSM|LTE|UMTS,837,218
25.75,22.31822385780136,103.84619020279958,1147.2131701055027,dense,Mobifone|Vietnamobile|Viettel|Vinaphone,GSM|LTE|UMTS,721,215
26.0,22.31966220173649,103.8470014576948,1167.3093991561816,dense,Mobifone|Vietnamobile|Viettel|Vinaphone,GSM|LTE|UMTS,634,217
26.25,22.321017222740792,103.8458802718787,1154.578118495573,dense,Mobifone|Vietnamobile|Viettel|Vinaphone,GSM|LTE|UMTS,445,217
26.5,22.322944570867485,103.8453428628347,1182.9689431822908,dense,Mobifone|Vietnamobile|Viettel|Vinaphone,GSM|LTE|UMTS,268,224
26.75,22.32382562686955,103.84319873728705,1185.1903032420612,dense,Mobifone|Vietnamobile|Viettel|Vinaphone,GSM|LTE|UMTS,28,228
27.0,22.325545598342128,103.84361579871054,1264.054345528562,dense,Mobifone|Vietnamobile|Viettel|Vinaphone,GSM|LTE|UMTS,81,229
27.25,22.32636027270302,103.84483945486072,1329.6013126107255,dense,Mobifone|Vietnamobile|Viettel|Vinaphone,GSM|LTE|UMTS,193,229
27.5,22.32658959828667,103.84533020085667,1368.201944329058,dense,Mobifone|Vietnamobile|Viettel|Vinaphone,GSM|LTE|UMTS,171,228
27.75,22.32776793687162,103.8455623156419,1407.9188961595432,dense,Mobifone|Vietnamobile|Viettel|Vinaphone,GSM|LTE|UMTS,52,228
28.0,22.329765383379563,103.84484042471627,1412.9893837686402,dense,Mobifone|Vietnamobile|Viettel|Vinaphone,GSM|LTE|UMTS,31,228
28.25,22.331650930999338,103.84364803652977,1440.8524103189231,dense,Mobifone|Vietnamobile|Viettel|Vinaphone,GSM|LTE|UMTS,77,231
28.5,22.333487091919963,103.84235378852482,1480.3307408205633,dense,Mobifone|Vietnamobile|Viettel|Vinaphone,GSM|LTE|UMTS,65,232
28.75,22.335242344451817,103.8418881363353,1493.8979279491643,dense,Mobifone|Vietnamobile|Viettel|Vinaphone,GSM|LTE|UMTS,29,230
29.0,22.335189189580607,103.84340864330898,1514.7717226236043,dense,Mobifone|Vietnamobile|Viettel|Vinaphone,GSM|LTE|UMTS,47,232
29.25,22.33495120447001,103.84534889882224,1564.7613825484873,dense,Mobifone|Vietnamobile|Viettel|Vinaphone,GSM|LTE|UMTS,67,231
29.5,22.333865994565446,103.84724271035786,1598.0116794215423,dense,Mobifone|Vietnamobile|Viettel|Vinaphone,GSM|LTE|UMTS,79,229
29.75,22.332561391730373,103.84895133576889,1634.0255487583872,dense,Mobifone|Vietnamobile|Viettel|Vinaphone,GSM|LTE|UMTS,188,229
30.0,22.333687879197168,103.85000032883113,1634.6483081362016,dense,Mobifone|Vietnamobile|Viettel|Vinaphone,GSM|LTE|UMTS,209,228
30.25,22.333694820515927,103.85213186322716,1662.4797243798469,dense,Mobifone|Vietnamobile|Viettel|Vinaphone,GSM|LTE|UMTS,368,225
30.5,22.333845578271088,103.85451395487725,1714.9094187840963,dense,Mobifone|Vietnamobile|Viettel|Vinaphone,GSM|LTE|UMTS,436,224
30.75,22.334157890864002,103.85678350444401,1743.5843634568125,dense,Mobifone|Vietnamobile|Viettel|Vinaphone,GSM|LTE|UMTS,585,224
31.0,22.334222040705885,103.85880695929411,1793.1589643377176,dense,Mobifone|Vietnamobile|Viettel|Vinaphone,GSM|LTE|UMTS,763,226
31.25,22.332826134502398,103.8598278654976,1832.3829989258347,dense,Mobifone|Vietnamobile|Viettel|Vinaphone,GSM|LTE|UMTS,735,224
31.5,22.33194298714011,103.86192736119644,1871.6901513243345,dense,Mobifone|Vietnamobile|Viettel|Vinaphone,GSM|LTE|UMTS,879,219
31.75,22.330625564085604,103.86347414359143,1894.251054331185,dense,Mobifone|Vietnamobile|Viettel|Vinaphone,GSM|LTE|UMTS,914,210
32.0,22.329092342462207,103.86490420548341,1874.7058215312557,dense,Mobifone|Vietnamobile|Viettel|Vinaphone,GSM|LTE|UMTS,789,202
32.25,22.32824477136485,103.8666764572703,1821.6380610976,dense,Mobifone|Vietnamobile|Viettel|Vinaphone,GSM|LTE|UMTS,715,195
32.5,22.32741841223554,103.86866302913354,1795.363700234106,dense,Mobifone|Vietnamobile|Viettel|Vinaphone,GSM|LTE|UMTS,711,173
32.75,22.326668763924957,103.87080314475368,1751.5020055035395,dense,Mobifone|Vietnamobile|Viettel|Vinaphone,GSM|LTE|UMTS,791,124
33.0,22.32608968426748,103.87222083135683,1707.953348517708,dense,Mobifone|Vietnamobile|Viettel|Vinaphone,GSM|LTE|UMTS,871,101
33.25,22.327237211324125,103.8738878452965,1695.7740553306535,dense,Mobifone|Vietnamobile|Viettel|Vinaphone,GSM|LTE|UMTS,1084,93
33.5,22.326482947436137,103.87578177096121,1656.4725570601597,dense,Mobifone|Vietnamobile|Viettel|Vinaphone,GSM|LTE|UMTS,990,75
33.75,22.32486413252198,103.8768795938375,1615.6000156515913,dense,Mobifone|Vietnamobile|Viettel|Vinaphone,GSM|LTE|UMTS,778,58
34.0,22.32377290531627,103.8765076590848,1575.6753933243506,dense,Mobifone|Vietnamobile|Viettel|Vinaphone,GSM|LTE|UMTS,704,59
34.25,22.322428286152277,103.87728289845975,1511.3606551158016,dense,Mobifone|Vietnamobile|Viettel|Vinaphone,GSM|LTE|UMTS,540,52
34.5,22.322958965546135,103.87535008622777,1480.9325756732746,dense,Mobifone|Vietnamobile|Viettel|Vinaphone,GSM|LTE|UMTS,729,62
34.75,22.3222688315929,103.87335360871528,1462.8431973941713,dense,Mobifone|Vietnamobile|Viettel|Vinaphone,GSM|LTE|UMTS,826,82
35.0,22.32163469490073,103.87149460172832,1463.4548584082088,dense,Mobifone|Vietnamobile|Viettel|Vinaphone,GSM|LTE|UMTS,669,94
35.25,22.32199331276462,103.86931492538811,1486.669424449265,dense,Mobifone|Vietnamobile|Viettel|Vinaphone,GSM|LTE|UMTS,444,118
35.5,22.3221805712371,103.86724224519884,1485.878429742039,dense,Mobifone|Vietnamobile|Viettel|Vinaphone,GSM|LTE|UMTS,232,156
35.75,22.32266180179812,103.86513336395586,1478.0119737252585,dense,Mobifone|Vietnamobile|Viettel|Vinaphone,GSM|LTE|UMTS,75,194
36.0,22.323455260954418,103.86311303947942,1491.2363054627965,dense,Mobifone|Vietnamobile|Viettel|Vinaphone,GSM|LTE|UMTS,253,207
36.25,22.324094135204586,103.86098808118322,1470.2075198753637,dense,Mobifone|Vietnamobile|Viettel|Vinaphone,GSM|LTE|UMTS,359,222
36.5,22.32313908864435,103.85913174403181,1449.7585565682698,dense,Mobifone|Vietnamobile|Viettel|Vinaphone,GSM|LTE|UMTS,254,223
36.75,22.322807793624037,103.85693041275192,1440.0806643836822,dense,Mobifone|Vietnamobile|Viettel|Vinaphone,GSM|LTE|UMTS,244,226
37.0,22.322463971126044,103.8550572019035,1415.3498217821918,dense,Mobifone|Vietnamobile|Viettel|Vinaphone,GSM|LTE|UMTS,124,224
37.25,22.324239561284642,103.85472589032116,1393.4987921152199,dense,Mobifone|Vietnamobile|Viettel|Vinaphone,GSM|LTE|UMTS,157,225
37.5,22.3250088098541,103.85463547492431,1386.5782935956208,dense,Mobifone|Vietnamobile|Viettel|Vinaphone,GSM|LTE|UMTS,128,226
37.75,22.323037108685273,103.85447454408587,1388.6323441032453,dense,Mobifone|Vietnamobile|Viettel|Vinaphone,GSM|LTE|UMTS,49,225
38.0,22.32104716953304,103.85464542751835,1351.273995726287,dense,Mobifone|Vietnamobile|Viettel|Vinaphone,GSM|LTE|UMTS,67,226
38.25,22.320011767356288,103.85317020194947,1294.531136255546,dense,Mobifone|Vietnamobile|Viettel|Vinaphone,GSM|LTE|UMTS,139,224
38.5,22.319119026495347,103.85185648593266,1243.8386650029418,dense,Mobifone|Vietnamobile|Viettel|Vinaphone,GSM|LTE|UMTS,304,224
38.75,22.317383700629268,103.8510300860055,1199.997204451196,dense,Mobifone|Vietnamobile|Viettel|Vinaphone,GSM|LTE|UMTS,505,223
39.0,22.316313309999575,103.85157445500829,1152.1422705113425,dense,Mobifone|Vietnamobile|Viettel|Vinaphone,GSM|LTE|UMTS,545,220
39.25,22.315687740041422,103.84945320492751,1106.1625137089777,dense,Mobifone|Vietnamobile|Viettel|Vinaphone,GSM|LTE|UMTS,753,220
39.5,22.316044762513627,103.84877423748637,1107.1788908865817,dense,Mobifone|Vietnamobile|Viettel|Vinaphone,GSM|LTE|UMTS,770,217
39.75,22.316782542110086,103.84652683155966,1105.97320606205,dense,Mobifone|Vietnamobile|Viettel|Vinaphone,GSM|LTE|UMTS,881,215
40.0,22.31884319107484,103.84641652752623,1163.8184195395122,dense,Mobifone|Vietnamobile|Viettel|Vinaphone,GSM|LTE|UMTS,673,216
40.25,22.32006579652549,103.84709499338405,1170.9096994661772,dense,Mobifone|Vietnamobile|Viettel|Vinaphone,GSM|LTE|UMTS,607,217
40.5,22.321486029319146,103.84538185945311,1169.6745902693535,dense,Mobifone|Vietnamobile|Viettel|Vinaphone,GSM|LTE|UMTS,372,221
40.75,22.323312510373228,103.84472069469349,1187.6705220734698,dense,Mobifone|Vietnamobile|Viettel|Vinaphone,GSM|LTE|UMTS,193,226
41.0,22.324447377572106,103.84305324485578,1204.054654344885,dense,Mobifone|Vietnamobile|Viettel|Vinaphone,GSM|LTE|UMTS,50,229
41.25,22.325808141266087,103.84415673234173,1286.9855959655622,dense,Mobifone|Vietnamobile|Viettel|Vinaphone,GSM|LTE|UMTS,121,229
41.5,22.32637778357045,103.8452089552394,1350.1895138332322,dense,Mobifone|Vietnamobile|Viettel|Vinaphone,GSM|LTE|UMTS,198,228
41.75,22.327044264857026,103.84472817173642,1370.4211547737239,dense,Mobifone|Vietnamobile|Viettel|Vinaphone,GSM|LTE|UMTS,169,230
42.0,22.328394702595975,103.84553166728976,1414.4335402591084,dense,Mobifone|Vietnamobile|Viettel|Vinaphone,GSM|LTE|UMTS,65,229
42.25,22.330449636444502,103.8445577146973,1421.279859657599,dense,Mobifone|Vietnamobile|Viettel|Vinaphone,GSM|LTE|UMTS,68,230
42.5,22.33225151206748,103.84319886034523,1453.547477282156,dense,Mobifone|Vietnamobile|Viettel|Vinaphone,GSM|LTE|UMTS,35,231
42.75,22.334071587846783,103.84223196162027,1486.6104186433656,dense,Mobifone|Vietnamobile|Viettel|Vinaphone,GSM|LTE|UMTS,25,231
43.0,22.335527219512148,103.84220874057655,1495.710401993439,dense,Mobifone|Vietnamobile|Viettel|Vinaphone,GSM|LTE|UMTS,57,230
43.25,22.33559343480205,103.8440425361217,1526.801653194248,dense,Mobifone|Vietnamobile|Viettel|Vinaphone,GSM|LTE|UMTS,45,230
43.5,22.334649211287093,103.84600575108927,1573.7662648728015,dense,Mobifone|Vietnamobile|Viettel|Vinaphone,GSM|LTE|UMTS,39,230
43.75,22.333339302818583,103.84778523767368,1608.1844682247563,dense,Mobifone|Vietnamobile|Viettel|Vinaphone,GSM|LTE|UMTS,77,228
44.0,22.332957664652252,103.84944408459234,1651.242648471978,dense,Mobifone|Vietnamobile|Viettel|Vinaphone,GSM|LTE|UMTS,188,229
44.25,22.33332163739092,103.850645100154,1634.835262310178,dense,Mobifone|Vietnamobile|Viettel|Vinaphone,GSM|LTE|UMTS,282,227
44.5,22.333748165094807,103.85292186226546,1681.589296111213,dense,Mobifone|Vietnamobile|Viettel|Vinaphone,GSM|LTE|UMTS,374,225
44.75,22.333729824804422,103.85527713485968,1723.0808955503226,dense,Mobifone|Vietnamobile|Viettel|Vinaphone,GSM|LTE|UMTS,496,225
45.0,22.33451630691375,103.85737945530998,1756.4178138185766,dense,Mobifone|Vietnamobile|Viettel|Vinaphone,GSM|LTE|UMTS,618,224
45.25,22.33401094787349,103.85939921563795,1812.1733773780743,dense,Mobifone|Vietnamobile|Viettel|Vinaphone,GSM|LTE|UMTS,787,225
45.5,22.332457635097327,103.86049768716543,1840.606452751368,dense,Mobifone|Vietnamobile|Viettel|Vinaphone,GSM|LTE|UMTS,771,225
45.75,22.331671111021752,103.86265211021754,1885.0022032185,dense,Mobifone|Vietnamobile|Viettel|Vinaphone,GSM|LTE|UMTS,938,218
46.0,22.33010499485239,103.86381801286902,1890.078409095402,dense,Mobifone|Vietnamobile|Viettel|Vinaphone,GSM|LTE|UMTS,902,210
46.25,22.328556039095606,103.8654237621964,1858.1013546221902,dense,Mobifone|Vietnamobile|Viettel|Vinaphone,GSM|LTE|UMTS,730,201
46.5,22.328183057934442,103.86745687657387,1810.9540349731797,dense,Mobifone|Vietnamobile|Viettel|Vinaphone,GSM|LTE|UMTS,732,190
46.75,22.327174,103.86935678043238,1770.7366315670117,dense,Mobifone|Vietnamobile|Viettel|Vinaphone,GSM|LTE|UMTS,729,157
47.0,22.326834389960858,103.87145115015223,1738.1356975571557,dense,Mobifone|Vietnamobile|Viettel|Vinaphone,GSM|LTE|UMTS,854,116
47.25,22.32633909416337,103.87279119044261,1698.9951370512792,dense,Mobifone|Vietnamobile|Viettel|Vinaphone,GSM|LTE|UMTS,935,101
47.5,22.3273366897023,103.87465402981248,1685.711979472474,dense,Mobifone|Vietnamobile|Viettel|Vinaphone,GSM|LTE|UMTS,1134,84
47.75,22.325868591061408,103.87619699156937,1636.3960399565517,dense,Mobifone|Vietnamobile|Viettel|Vinaphone,GSM|LTE|UMTS,910,69
48.0,22.324348313560343,103.87683937889544,1604.397933746187,dense,Mobifone|Vietnamobile|Viettel|Vinaphone,GSM|LTE|UMTS,733,58
48.25,22.323110088879403,103.8768459111206,1548.9533624283767,dense,Mobifone|Vietnamobile|Viettel|Vinaphone,GSM|LTE|UMTS,626,53
48.5,22.322210371396963,103.87655895731669,1494.4618723891517,dense,Mobifone|Vietnamobile|Viettel|Vinaphone,GSM|LTE|UMTS,580,53
48.75,22.32245694602255,103.87480613636086,1470.8783280565983,dense,Mobifone|Vietnamobile|Viettel|Vinaphone,GSM|LTE|UMTS,744,66
49.0,22.321593731199936,103.87308088533322,1463.6887927225398,dense,Mobifone|Vietnamobile|Viettel|Vinaphone,GSM|LTE|UMTS,759,80
49.25,22.321972198058518,103.87078889914265,1471.6408329752621,dense,Mobifone|Vietnamobile|Viettel|Vinaphone,GSM|LTE|UMTS,595,104
49.5,22.321713479935003,103.86859050320875,1486.1019450042188,dense,Mobifone|Vietnamobile|Viettel|Vinaphone,GSM|LTE|UMTS,371,126
49.75,22.32266942441466,103.86664912996267,1485.3459639136563,dense,Mobifone|Vietnamobile|Viettel|Vinaphone,GSM|LTE|UMTS,185,177
50.0,22.322677577779977,103.86434681483316,1481.9527783170583,dense,Mobifone|Vietnamobile|Viettel|Vinaphone,GSM|LTE|UMTS,101,199
50.25,22.323627968352174,103.86236985513914,1488.3495421510509,dense,Mobifone|Vietnamobile|Viettel|Vinaphone,GSM|LTE|UMTS,326,214
50.5,22.323458296421002,103.86059238892629,1456.4208071352675,dense,Mobifone|Vietnamobile|Viettel|Vinaphone,GSM|LTE|UMTS,280,223
50.75,22.32334547877654,103.85839091510617,1445.9017078609315,dense,Mobifone|Vietnamobile|Viettel|Vinaphone,GSM|LTE|UMTS,233,224
51.0,22.322834103940252,103.85622494812986,1431.7170895296856,dense,Mobifone|Vietnamobile|Viettel|Vinaphone,GSM|LTE|UMTS,230,227
51.25,22.323011867769793,103.85558490082735,1415.3727581936619,dense,Mobifone|Vietnamobile|Viettel|Vinaphone,GSM|LTE|UMTS,163,227
51.5,22.32492495811044,103.85494778941377,1396.3000259622888,dense,Mobifone|Vietnamobile|Viettel|Vinaphone,GSM|LTE|UMTS,154,224
51.75,22.324323621130006,103.85438989021837,1382.3430868707721,dense,Mobifone|Vietnamobile|Viettel|Vinaphone,GSM|LTE|UMTS,153,225
52.0,22.322371765432727,103.85427694074036,1374.2480705717037,dense,Mobifone|Vietnamobile|Viettel|Vinaphone,GSM|LTE|UMTS,75,224
52.25,22.32073513123442,103.85398244282153,1331.8579786663392,dense,Mobifone|Vietnamobile|Viettel|Vinaphone,GSM|LTE|UMTS,30,225
52.5,22.31997165135527,103.85259886486843,1276.7783407404295,dense,Mobifone|Vietnamobile|Viettel|Vinaphone,GSM|LTE|UMTS,184,224
52.75,22.318544526572932,103.85141185071036,1228.9718763309686,dense,Mobifone|Vietnamobile|Viettel|Vinaphone,GSM|LTE|UMTS,381,223
53.0,22.316809433773738,103.85143547889142,1185.3428842545368,dense,Mobifone|Vietnamobile|Viettel|Vinaphone,GSM|LTE|UMTS,529,221
53.25,22.316234804306372,103.8508237143542,1134.8576569682095,dense,Mobifone|Vietnamobile|Viettel|Vinaphone,GSM|LTE|UMTS,615,220
53.5,22.315182146433365,103.84969732795285,1093.3620757601773,dense,Mobifone|Vietnamobile|Viettel|Vinaphone,GSM|LTE|UMTS,775,218
53.75,22.31636034948322,103.84807827366687,1109.8716317667242,dense,Mobifone|Vietnamobile|Viettel|Vinaphone,GSM|LTE|UMTS,798,217
54.0,22.317468711391314,103.84635016107609,1137.5852697337386,dense,Mobifone|Vietnamobile|Viettel|Vinaphone,GSM|LTE|UMTS,804,215
54.25,22.3193932626075,103.84651688310483,1164.377050153016,dense,Mobifone|Vietnamobile|Viettel|Vinaphone,GSM|LTE|UMTS,627,216
54.5,22.320603966387964,103.84656580351965,1158.6904787090148,dense,Mobifone|Vietnamobile|Viettel|Vinaphone,GSM|LTE|UMTS,526,217
54.75,22.32221318512846,103.84548104628212,1177.8391609022242,dense,Mobifone|Vietnamobile|Viettel|Vinaphone,GSM|LTE|UMTS,323,224
55.0,22.323581054218263,103.84398420179954,1185.3596246478926,dense,Mobifone|Vietnamobile|Viettel|Vinaphone,GSM|LTE|UMTS,111,227
55.25,22.32507025937558,103.84335725937558,1234.6651966668137,dense,Mobifone|Vietnamobile|Viettel|Vinaphone,GSM|LTE|UMTS,110,229
55.5,22.32599172356422,103.84473123413852,1313.0840399603944,dense,Mobifone|Vietnamobile|Viettel|Vinaphone,GSM|LTE|UMTS,178,229
55.75,22.325907209039467,103.84569523015166,1357.670704458236,dense,Mobifone|Vietnamobile|Viettel|Vinaphone,GSM|LTE|UMTS,235,227
56.0,22.327471652717357,103.84494356902148,1388.914341543973,dense,Mobifone|Vietnamobile|Viettel|Vinaphone,GSM|LTE|UMTS,124,230
56.25,22.329062673044916,103.8451903720102,1417.8812918001668,dense,Mobifone|Vietnamobile|Viettel|Vinaphone,GSM|LTE|UMTS,84,229
56.5,22.331022868672353,103.84409675292045,1429.8740381333835,dense,Mobifone|Vietnamobile|Viettel|Vinaphone,GSM|LTE|UMTS,93,230
56.75,22.332850479214493,103.84282268052367,1471.384597778946,dense,Mobifone|Vietnamobile|Viettel|Vinaphone,GSM|LTE|UMTS,25,232
57.0,22.33456456582845,103.84215007228433,1492.9506901933344,dense,Mobifone|Vietnamobile|Viettel|Vinaphone,GSM|LTE|UMTS,51,231
57.25,22.3350167437013,103.84279020277245,1500.947312691657,dense,Mobifone|Vietnamobile|Viettel|Vinaphone,GSM|LTE|UMTS,22,231
57.5,22.335213978286173,103.84471373516867,1547.5144233116348,dense,Mobifone|Vietnamobile|Viettel|Vinaphone,GSM|LTE|UMTS,92,231
57.75,22.33423109792325,103.84662456972912,1582.3222353254237,dense,Mobifone|Vietnamobile|Viettel|Vinaphone,GSM|LTE|UMTS,107,230
58.0,22.332844269242795,103.8483777980679,1618.3821470683458,dense,Mobifone|Vietnamobile|Viettel|Vinaphone,GSM|LTE|UMTS,134,229
58.25,22.333654642336217,103.84925745201437,1639.7678647387015,dense,Mobifone|Vietnamobile|Viettel|Vinaphone,GSM|LTE|UMTS,135,229
58.5,22.333414217880833,103.85141887152334,1648.8913946073951,dense,Mobifone|Vietnamobile|Viettel|Vinaphone,GSM|LTE|UMTS,358,226
58.75,22.333842467427043,103.85370049429719,1704.5313323668636,dense,Mobifone|Vietnamobile|Viettel|Vinaphone,GSM|LTE|UMTS,392,225
59.0,22.333878110523237,103.85601888815404,1728.9491024885083,dense,Mobifone|Vietnamobile|Viettel|Vinaphone,GSM|LTE|UMTS,540,223
59.25,22.334487012051646,103.85811112736216,1771.5230942021367,dense,Mobifone|Vietnamobile|Viettel|Vinaphone,GSM|LTE|UMTS,688,228
59.5,22.333377237376272,103.85926376262373,1826.120794064795,dense,Mobifone|Vietnamobile|Viettel|Vinaphone,GSM|LTE|UMTS,728,225
59.75,22.332256099722997,103.86122529956471,1857.9628779199443,dense,Mobifone|Vietnamobile|Viettel|Vinaphone,GSM|LTE|UMTS,827,222
60.0,22.331354434855793,103.86328410770274,1891.04833955488,dense,Mobifone|Vietnamobile|Viettel|Vinaphone,GSM|LTE|UMTS,958,210
60.25,22.32963697955908,103.86439601533068,1874.8431388516767,dense,Mobifone|Vietnamobile|Viettel|Vinaphone,GSM|LTE|UMTS,851,203
60.5,22.328555274077356,103.86595046560379,1844.855360431092,dense,Mobifone|Vietnamobile|Viettel|Vinaphone,GSM|LTE|UMTS,735,196
60.75,22.32801315353761,103.8682195700947,1805.775697411861,dense,Mobifone|Vietnamobile|Viettel|Vinaphone,GSM|LTE|UMTS,746,180
61.0,22.32696028930049,103.8700576458689,1762.3184937829599,dense,Mobifone|Vietnamobile|Viettel|Vinaphone,GSM|LTE|UMTS,758,142
61.25,22.326535520576233,103.87212730589836,1721.123152775709,dense,Mobifone|Vietnamobile|Viettel|Vinaphone,GSM|LTE|UMTS,890,105
61.5,22.32677282500882,103.87327965001764,1702.0541227972503,dense,Mobifone|Vietnamobile|Viettel|Vinaphone,GSM|LTE|UMTS,1003,96
61.75,22.327096371031974,103.87530249834641,1673.737555662373,dense,Mobifone|Vietnamobile|Viettel|Vinaphone,GSM|LTE|UMTS,1074,76
62.0,22.325385588773425,103.87679860301904,1624.5398045755685,dense,Mobifone|Vietnamobile|Viettel|Vinaphone,GSM|LTE|UMTS,831,59
62.25,22.32411774748673,103.87659612026225,1591.461805932738,dense,Mobifone|Vietnamobile|Viettel|Vinaphone,GSM|LTE|UMTS,727,58
62.5,22.32289419611422,103.87753880388577,1542.2487462635327,dense,Mobifone|Vietnamobile|Viettel|Vinaphone,GSM|LTE|UMTS,561,51
62.75,22.32225642088024,103.87749956230216,1501.35744225056,dense,Mobifone|Vietnamobile|Viettel|Vinaphone,GSM|LTE|UMTS,511,52
63.0,22.321899164751198,103.87958664270988,1522.6774917589291,dense,Mobifone|Vietnamobile|Viettel|Vinaphone,GSM|LTE|UMTS,354,51
63.25,22.322714111886548,103.880128279306,1535.5794904921554,dense,Mobifone|Vietnamobile|Viettel|Vinaphone,GSM|LTE|UMTS,423,49
63.5,22.323076223610656,103.88099790151261,1555.745589421869,dense,Mobifone|Vietnamobile|Viettel|Vinaphone,GSM|LTE|UMTS,453,47
63.75,22.322973334293142,103.88295750285177,1570.7695292242763,dense,Mobifone|Vietnamobile|Viettel|Vinaphone,GSM|LTE|UMTS,486,42
64.0,22.32245451702171,103.88515745289824,1578.4098493457536,dense,Mobifone|Vietnamobile|Viettel|Vinaphone,GSM|LTE|UMTS,575,38
64.25,22.32113010579497,103.88615447535562,1568.5660674541195,dense,Mobifone|Vietnamobile|Viettel|Vinaphone,GSM|LTE|UMTS,581,38
64.5,22.32005531469262,103.88816883947213,1546.7322563241237,dense,Mobifone|Vietnamobile|Viettel|Vinaphone,GSM|LTE|UMTS,747,39
64.75,22.319393488159694,103.88998579444957,1517.7392117965665,dense,Mobifone|Vietnamobile|Viettel|Vinaphone,GSM|UMTS,925,36
65.0,22.31949450253306,103.89211732703383,1532.179113358828,dense,Mobifone|Vietnamobile|Viettel|Vinaphone,GSM|UMTS,1119,37
65.25,22.319479547921407,103.89415084083404,1546.3249689079107,dense,Mobifone|Vietnamobile|Viettel|Vinaphone,GSM|UMTS,1299,34
65.5,22.318232124516594,103.89438033865035,1511.2438884550934,dense,Mobifone|Vietnamobile|Viettel|Vinaphone,GSM|UMTS,1262,34
65.75,22.31761081166941,103.89233043500823,1472.416520928632,dense,Mobifone|Vietnamobile|Viettel|Vinaphone,GSM|UMTS,1040,37
66.0,22.316456542504522,103.8911441323412,1425.163729884395,dense,Mobifone|Vietnamobile|Viettel|Vinaphone,GSM|UMTS,881,37
66.25,22.314903975016897,103.89273723585708,1383.3087600639167,dense,Mobifone|Vietnamobile|Viettel|Vinaphone,GSM|UMTS,999,37
66.5,22.313391464551557,103.89331459411565,1328.3052819071652,dense,Mobifone|Vietnamobile|Viettel|Vinaphone,GSM|UMTS,825,34
66.75,22.312597887077384,103.89269843058177,1276.0712715181446,dense,Mobifone|Vietnamobile|Viettel|Vinaphone,GSM|UMTS,746,35
67.0,22.311867208271224,103.89381929396467,1228.5144165581257,dense,Mobifone|Vietnamobile|Viettel|Vinaphone,GSM|UMTS,653,34
67.25,22.311733450275735,103.89512339543415,1198.3684511637778,dense,Mobifone|Vietnamobile|Viettel|Vinaphone,GSM|UMTS,648,34
67.5,22.309844019936428,103.89630195451784,1143.726489846591,dense,Mobifone|Vietnamobile|Viettel|Vinaphone,GSM|UMTS,489,34
67.75,22.30797037739166,103.89738769223362,1105.8198525200478,dense,Mobifone|Vietnamobile|Viettel|Vinaphone,GSM|UMTS,412,34
68.0,22.306824120203714,103.89911186777591,1082.2385883053746,dense,Mobifone|Vietnamobile|Viettel|Vinaphone,GSM|UMTS,534,34
68.25,22.30669832473266,103.90121947954479,1099.909727882825,dense,Mobifone|Vietnamobile|Viettel|Vinaphone,GSM|UMTS,747,34
68.5,22.3069316705048,103.90326780336534,1138.6630262700467,dense,Mobifone|Vietnamobile|Viettel|Vinaphone,GSM|UMTS,861,33
68.75,22.306679712587687,103.90559212587686,1151.9796851482593,dense,Mobifone|Vietnamobile|Viettel|Vinaphone,GSM|UMTS,757,27
69.0,22.306461851554545,103.9074705322811,1148.7161610768567,dense,Mobifone|Vietnamobile|Viettel|Vinaphone,GSM|UMTS,720,21
69.25,22.30452374069596,103.90831851860808,1121.6080421782985,dense,Mobifone|Vietnamobile|Viettel|Vinaphone,GSM|UMTS,521,19
69.5,22.303397139304195,103.90992607960119,1119.7171163846826,dense,Mobifone|Viettel|Vinaphone,GSM|UMTS,483,17
69.75,22.301505366848538,103.91094109171213,1099.0311306618053,dense,Mobifone|Viettel|Vinaphone,GSM|UMTS,439,15
70.0,22.300290216009387,103.91270135635936,1092.3076225543202,dense,Mobifone|Viettel|Vinaphone,GSM|UMTS,587,15
70.25,22.29959438280293,103.91418169532844,1076.899791771989,dense,Mobifone|Viettel|Vinaphone,GSM|UMTS,740,14
70.5,22.29986279597373,103.91656251006567,1090.9890938367537,dense,Mobifone|Viettel|Vinaphone,GSM|UMTS,984,13
70.75,22.298559453027316,103.91831423423825,1092.9376212719,dense,Mobifone|Viettel|Vinaphone,GSM|UMTS,1175,11
71.0,22.299340122923695,103.91996007122088,1137.4805507411243,dense,Mobifone|Viettel|Vinaphone,GSM|UMTS,1335,9
71.25,22.297523212544306,103.92112620756555,1114.216468548819,moderate,Mobifone|Viettel|Vinaphone,GSM|UMTS,1479,8
71.5,22.296289118354863,103.9227383019035,1124.527115121548,moderate,Viettel|Vinaphone,GSM|UMTS,1671,6
71.75,22.295955262978655,103.92481962363344,1129.9838463127323,moderate,Viettel|Vinaphone,GSM|UMTS,1888,6
72.0,22.295797586325673,103.92691824669268,1149.9357937956806,moderate,Viettel|Vinaphone,GSM|UMTS,2102,5
72.25,22.29375569321157,103.92753125897514,1121.0009636263646,moderate,Mobifone|Viettel|Vinaphone,GSM|UMTS,2223,5
72.5,22.293039000590266,103.92944196549688,1134.2499142717895,moderate,Mobifone|Viettel|Vinaphone,GSM|UMTS,2264,4
72.75,22.291894203925512,103.93071221193847,1136.0019499732364,moderate,Mobifone|Viettel|Vinaphone,GSM|UMTS,2084,4
73.0,22.29095608274849,103.93244948245469,1139.08088073449,moderate,Mobifone|Viettel|Vinaphone,GSM|UMTS,1894,4
73.25,22.289525773014212,103.93404605674645,1120.5241744406555,sparse,Mobifone|Vinaphone,GSM|UMTS,1670,2
73.5,22.28877216978709,103.93606078308551,1127.0576379151962,sparse,Mobifone|Vinaphone,GSM|UMTS,1491,2
73.75,22.28771527452608,103.9378150407127,1125.8573539560412,sparse,Mobifone|Vinaphone,GSM|UMTS,1305,2
74.0,22.28686629711264,103.93960338136435,1126.1759956290666,sparse,Mobifone|Vinaphone,GSM|UMTS,1151,2
74.25,22.286892,103.94155848379964,1181.0116805836658,moderate,Mobifone|Viettel|Vinaphone,GSM|UMTS,1110,3
74.5,22.286213329822065,103.94338825263345,1220.3282695628359,moderate,Mobifone|Viettel|Vinaphone,GSM|UMTS,1025,3
74.75,22.285266448746427,103.94515555125358,1272.4915874237433,moderate,Mobifone|Viettel|Vinaphone,GSM|UMTS,946,3
75.0,22.286122190153993,103.94521146066651,1307.5291515523406,moderate,Mobifone|Viettel|Vinaphone,GSM|UMTS,1040,3
75.25,22.287861330560276,103.943953337691,1342.0715456526827,moderate,Mobifone|Viettel|Vinaphone,GSM|UMTS,1212,3
75.5,22.288978176309662,103.94316238291619,1364.6234955418518,moderate,Mobifone|Viettel|Vinaphone,GSM|UMTS,1332,3
75.75,22.289289226596626,103.94493884893558,1400.2948293486156,moderate,Mobifone|Viettel|Vinaphone,GSM|UMTS,1381,3
76.0,22.291008364875164,103.94564185137538,1416.3235737098598,moderate,Mobifone|Viettel|Vinaphone,GSM|UMTS,1581,3
76.25,22.292443160533708,103.94720029195308,1403.5381152716307,moderate,Mobifone|Viettel|Vinaphone,GSM|UMTS,1771,3
76.5,22.29394408908936,103.94828077950639,1350.4306491882232,moderate,Mobifone|Viettel|Vinaphone,GSM|UMTS,1961,3
76.75,22.294511818001208,103.94709250896088,1320.7880825487644,moderate,Mobifone|Viettel|Vinaphone,GSM|UMTS,1992,3
77.0,22.29488891447355,103.94908783612458,1257.047721874953,moderate,Mobifone|Viettel|Vinaphone,GSM|UMTS,2085,3
77.25,22.295992225323843,103.94923144081788,1215.8933393747984,moderate,Mobifone|Viettel|Vinaphone,GSM|UMTS,2207,3
77.5,22.297123756533534,103.94775051471892,1243.8355443534426,sparse,Mobifone|Vinaphone,GSM|UMTS,2290,2
77.75,22.298257944673328,103.94632709221112,1243.7090424107341,sparse,Mobifone|Vinaphone,GSM|UMTS,2388,2
78.0,22.299670457261048,103.94514443224783,1242.8609417857715,sparse,Mobifone|Vinaphone,GSM|UMTS,2530,2
78.25,22.30120503158684,103.94521393682632,1252.010143945197,sparse,Vinaphone,GSM,2701,1
78.5,22.303225007592083,103.9455731335864,1224.39588602902,sparse,Vinaphone,GSM,2928,1
78.75,22.302692562729558,103.94761496010535,1213.2918213902362,sparse,Vinaphone,GSM,2896,1
79.0,22.30174839415871,103.94967747746034,1212.6679602323786,sparse,Vinaphone,GSM,2836,1
79.25,22.30157711941485,103.95187534556062,1210.6653230152133,sparse,Vinaphone,GSM,2881,1
79.5,22.30111213009174,103.9540834498471,1228.7950397464026,sparse,Vinaphone,GSM,2914,1
79.75,22.30069412396317,103.95630732507672,1229.792653910771,sparse,Vinaphone,GSM,2969,1
80.0,22.299626223490556,103.95804298973664,1223.06062215413,sparse,Viettel|Vinaphone,GSM|UMTS,2889,2
80.25,22.298062311473767,103.95925026670851,1225.3677403743704,sparse,Viettel|Vinaphone,GSM|UMTS,2686,2
80.5,22.296264794703756,103.96007861588873,1215.0461663755589,moderate,Mobifone|Viettel|Vinaphone,GSM|UMTS,2469,3
80.75,22.294967667972085,103.96164684066243,1191.8481619498027,moderate,Mobifone|Viettel|Vinaphone,GSM|UMTS,2288,3
81.0,22.294138656257065,103.96380924372033,1142.437109241383,moderate,Mobifone|Viettel|Vinaphone,GSM|UMTS,2153,3
81.25,22.292518184620562,103.96435828670859,1083.5647931075803,moderate,Mobifone|Viettel|Vinaphone,GSM|UMTS,1967,3
81.5,22.290881652899174,103.965902,1061.3599691996476,moderate,Mobifone|Viettel|Vinaphone,GSM|UMTS,1770,3
81.75,22.289276288619508,103.96678485569025,1013.4706568358142,moderate,Mobifone|Viettel|Vinaphone,GSM|UMTS,1588,3
82.0,22.288235854192642,103.96858915938415,987.4533336649598,moderate,Mobifone|Viettel|Vinaphone,GSM|UMTS,1481,3
82.25,22.28719039378377,103.97053150048941,963.7437138424714,moderate,Mobifone|Viettel|Vinaphone,GSM|UMTS,1403,3
82.5,22.285541457878615,103.96952803404625,920.3040619539986,moderate,Mobifone|Viettel|Vinaphone,GSM|UMTS,1201,3
82.75,22.28461197407573,103.96794093202672,838.1005535066658,moderate,Mobifone|Viettel|Vinaphone,GSM|UMTS,1073,3
83.0,22.28340466613131,103.966672,837.7768172110696,moderate,Mobifone|Viettel|Vinaphone,GSM|UMTS,935,3
83.25,22.282188655172497,103.96583755394887,842.6427775158621,moderate,Mobifone|Viettel|Vinaphone,GSM|UMTS,808,3
83.5,22.28056082321638,103.96613582853789,876.5965123891016,moderate,Mobifone|Viettel|Vinaphone,GSM|UMTS,625,3
83.75,22.28077233514568,103.96404826127298,933.9506030843954,moderate,Mobifone|Viettel|Vinaphone,GSM|UMTS,710,3
84.0,22.2803574273593,103.96339754397431,961.339537326299,moderate,Mobifone|Viettel|Vinaphone,GSM|UMTS,702,3
84.25,22.279124469115576,103.96444476544221,960.1747760670784,moderate,Mobifone|Viettel|Vinaphone,GSM|UMTS,529,3
84.5,22.277531,103.96401709175728,971.0009249284361,moderate,Mobifone|Viettel|Vinaphone,GSM|UMTS,416,3
84.75,22.27759453583327,103.9622487508329,962.3682004115267,moderate,Mobifone|Viettel|Vinaphone,GSM|UMTS,568,3
85.0,22.277880789380497,103.95989624283212,953.9879046785204,moderate,Mobifone|Viettel|Vinaphone,GSM|UMTS,798,3
85.25,22.277886,103.95751445019997,944.5014474890904,moderate,Mobifone|Viettel|Vinaphone,GSM|UMTS,1027,3
85.5,22.278460180543238,103.95526003461752,946.2505337691509,moderate,Mobifone|Viettel|Vinaphone,GSM|UMTS,1074,3
85.75,22.27824949293121,103.95289197172484,951.2293679458963,moderate,Mobifone|Viettel|Vinaphone,GSM|UMTS,852,3
86.0,22.277656745918172,103.95077980217974,959.9933514314517,moderate,Mobifone|Viettel|Vinaphone,GSM|UMTS,638,3
86.25,22.277333140023813,103.94865247996826,960.6273941222049,moderate,Mobifone|Viettel|Vinaphone,GSM|UMTS,460,3
86.5,22.27814797811378,103.94662554264474,948.7273870159684,moderate,Mobifone|Viettel|Vinaphone,GSM|UMTS,394,3
86.75,22.277192152793564,103.9445510372475,939.0295700452305,moderate,Mobifone|Viettel|Vinaphone,GSM|UMTS,161,3
87.0,22.278452683124506,103.94258638104209,935.1426895248768,moderate,Mobifone|Viettel|Vinaphone,GSM|UMTS,167,3
87.25,22.280579518110635,103.94186511917871,936.6260372052233,moderate,Mobifone|Viettel|Vinaphone,GSM|UMTS,415,3
87.5,22.28233521493242,103.94047670745596,943.9938841469763,moderate,Mobifone|Viettel|Vinaphone,GSM|UMTS,648,3
87.75,22.282679072230334,103.93874869281765,942.213588780121,sparse,Mobifone|Vinaphone,GSM|UMTS,768,2
88.0,22.280741001836805,103.93814601377603,897.91473301282,sparse,Mobifone|Vinaphone,GSM|UMTS,650,2
88.25,22.279512862515325,103.936865,905.9101077296888,sparse,Mobifone|Vinaphone,GSM|UMTS,690,2
88.5,22.277321625729655,103.93682757344357,853.1548476838993,sparse,Mobifone|Vinaphone,GSM|UMTS,636,2
88.75,22.277615482664856,103.93562264666893,819.7092012468107,sparse,Mobifone|Vinaphone,GSM|UMTS,762,2
89.0,22.27827884921964,103.93376313470054,771.8960566191064,sparse,Mobifone|Vinaphone,GSM|UMTS,961,2
89.25,22.27980087225292,103.93234116567112,751.6766061042656,sparse,Mobifone|Vinaphone,GSM|UMTS,1140,2
89.5,22.28102948342224,103.93066340285186,747.0648104024294,sparse,Mobifone|Vinaphone,GSM|UMTS,1346,2
89.75,22.2811719145164,103.9286779443566,795.389409562376,moderate,Mobifone|Vinaphone,GSM|UMTS,1545,3
90.0,22.280805061556052,103.92783694870329,831.5520132018135,moderate,Mobifone|Vinaphone,GSM|UMTS,1617,3
90.25,22.28033569747606,103.92558909242817,904.4205910578592,moderate,Mobifone|Viettel|Vinaphone,GSM|UMTS,1829,4
90.5,22.280705117063903,103.92434418055267,966.4508139507969,moderate,Mobifone|Viettel|Vinaphone,GSM|UMTS,1963,5
90.75,22.281892289918588,103.922447436249,954.9132487861546,moderate,Mobifone|Viettel|Vinaphone,GSM|UMTS,2184,6
91.0,22.282629303251174,103.92069250298906,952.1876602298782,moderate,Mobifone|Viettel|Vinaphone,GSM|UMTS,2133,7
91.25,22.283702129201465,103.91874072421712,961.9753383015611,moderate,Viettel|Vinaphone,GSM|UMTS,1900,6
91.5,22.28496440766501,103.91732125883605,967.503320821805,moderate,Viettel|Vinaphone,GSM|UMTS,1699,6
91.75,22.28623083984989,103.91575172594112,965.2094053535703,moderate,Viettel|Vinaphone,GSM|UMTS,1486,7
92.0,22.286787411425955,103.91401029486289,1004.8949189112087,dense,Mobifone|Viettel|Vinaphone,GSM|UMTS,1305,9
92.25,22.287598550238776,103.91193446759573,1041.509052975249,dense,Mobifone|Viettel|Vinaphone,GSM|UMTS,1083,11
92.5,22.28908386721124,103.91027681082831,1031.982191411367,dense,Mobifone|Viettel|Vinaphone,GSM|UMTS,846,12
92.75,22.2904163842759,103.90917709885883,1033.1111043763622,dense,Mobifone|Viettel|Vinaphone,GSM|UMTS,665,14
93.0,22.2903706308163,103.90731288394039,1048.5521728901035,dense,Mobifone|Viettel|Vinaphone,GSM|UMTS,528,14
93.25,22.29207958216905,103.90649812078874,1063.0797734227249,dense,Mobifone|Viettel|Vinaphone,GSM|UMTS,334,16
93.5,22.29070930234315,103.90506354648527,1061.8162792476644,dense,Mobifone|Viettel|Vinaphone,GSM|UMTS,382,15
93.75,22.29265703516674,103.90506701172224,1007.5598441113515,dense,Mobifone|Viettel|Vinaphone,GSM|UMTS,185,17
94.0,22.29356648515326,103.90365574822113,1008.3309921263174,dense,Mobifone|Viettel|Vinaphone,GSM|UMTS,60,19
94.25,22.294276948294613,103.90173174147306,1013.1647055527624,dense,Mobifone|Vietnamobile|Viettel|Vinaphone,GSM|UMTS,195,21
94.5,22.294598613974305,103.89996696824021,1039.6545049270896,dense,Mobifone|Vietnamobile|Viettel|Vinaphone,GSM|UMTS,45,22
94.75,22.295762561949232,103.89843917578588,1012.5763166487901,dense,Mobifone|Vietnamobile|Viettel|Vinaphone,GSM|UMTS,52,27
95.0,22.296945,103.89763223857952,1000.0288292483596,dense,Mobifone|Vietnamobile|Viettel|Vinaphone,GSM|UMTS,65,33
95.25,22.29808123325222,103.89600434126235,1032.972217378131,dense,Mobifone|Vietnamobile|Viettel|Vinaphone,GSM|UMTS,158,34
95.5,22.298963630017575,103.89437435639468,1038.0236828761563,dense,Mobifone|Vietnamobile|Viettel|Vinaphone,GSM|UMTS,182,34
95.75,22.300212955623454,103.89378917337407,1016.7247647888616,dense,Mobifone|Vietnamobile|Viettel|Vinaphone,GSM|UMTS,85,36
96.0,22.301768079655837,103.89421178531265,991.0073913553884,dense,Mobifone|Vietnamobile|Viettel|Vinaphone,GSM|UMTS,229,35
96.25,22.302639920296624,103.89258400380463,971.8726445880261,dense,Mobifone|Vietnamobile|Viettel|Vinaphone,GSM|UMTS,93,35
96.5,22.304025065702607,103.89068282917322,974.368011727459,dense,Mobifone|Vietnamobile|Viettel|Vinaphone,GSM|UMTS,70,35
96.75,22.305119328429424,103.8888381387674,973.3851433892164,dense,Mobifone|Vietnamobile|Viettel|Vinaphone,GSM|LTE|UMTS,155,38
97.0,22.30456994147424,103.88673177799735,982.1738886631787,dense,Mobifone|Vietnamobile|Viettel|Vinaphone,GSM|LTE|UMTS,184,40
97.25,22.305691123125218,103.88510497897707,981.5762090666545,dense,Mobifone|Vietnamobile|Viettel|Vinaphone,GSM|LTE|UMTS,78,41
97.5,22.307579465263796,103.88393860603436,982.5610437021357,dense,Mobifone|Vietnamobile|Viettel|Vinaphone,GSM|LTE|UMTS,266,43
97.75,22.30741185934194,103.88203390220323,991.6916813192823,dense,Mobifone|Vietnamobile|Viettel|Vinaphone,GSM|LTE|UMTS,157,44
98.0,22.3066795669539,103.88003725919859,1007.5913219573224,dense,Mobifone|Vietnamobile|Viettel|Vinaphone,GSM|LTE|UMTS,112,44
98.25,22.307817146483128,103.87836057650382,1011.6643264259083,dense,Mobifone|Vietnamobile|Viettel|Vinaphone,GSM|LTE|UMTS,112,45
98.5,22.30873171687636,103.87680845281272,1008.6853586401771,dense,Mobifone|Vietnamobile|Viettel|Vinaphone,GSM|LTE|UMTS,280,46
98.75,22.309865,103.87524370078775,1005.2935417349316,dense,Mobifone|Vietnamobile|Viettel|Vinaphone,GSM|LTE|UMTS,310,50
99.0,22.309367900216046,103.87330013448558,1012.2802893791696,dense,Mobifone|Vietnamobile|Viettel|Vinaphone,GSM|LTE|UMTS,440,52
99.25,22.308207406932333,103.87234688318797,1027.4645774954793,dense,Mobifone|Vietnamobile|Viettel|Vinaphone,GSM|LTE|UMTS,599,52
99.5,22.3068193292193,103.87224436322438,1046.3005422954145,dense,Mobifone|Vietnamobile|Viettel|Vinaphone,GSM|LTE|UMTS,695,50
99.75,22.307978850010414,103.87111941499896,1043.6341762936545,dense,Mobifone|Vietnamobile|Viettel|Vinaphone,GSM|LTE|UMTS,686,52
100.0,22.307039275473425,103.8696213339722,1082.9347498695247,dense,Mobifone|Vietnamobile|Viettel|Vinaphone,GSM|LTE|UMTS,863,52
100.25,22.306069820206453,103.86779305380374,1142.0823792496603,dense,Mobifone|Vietnamobile|Viettel|Vinaphone,GSM|LTE|UMTS,837,53
100.5,22.30452407860415,103.86623307860414,1180.303176871123,dense,Mobifone|Vietnamobile|Viettel|Vinaphone,GSM|LTE|UMTS,627,52
100.75,22.303188007665412,103.86510400766541,1219.3166313444249,dense,Mobifone|Vietnamobile|Viettel|Vinaphone,GSM|LTE|UMTS,466,50
101.0,22.302694535799585,103.86387503752985,1250.0041469113203,dense,Mobifone|Vietnamobile|Viettel|Vinaphone,GSM|LTE|UMTS,427,48
101.25,22.300921359587367,103.86322102148057,1286.562818471152,dense,Mobifone|Vietnamobile|Viettel|Vinaphone,GSM|LTE|UMTS,281,46
101.5,22.300191527450536,103.86115742483513,1326.4376483875599,dense,Mobifone|Vietnamobile|Viettel|Vinaphone,GSM|LTE|UMTS,417,44
101.75,22.298619263905696,103.86039100618031,1342.4541879425715,dense,Mobifone|Vietnamobile|Viettel|Vinaphone,GSM|LTE|UMTS,476,38
102.0,22.2976722732288,103.8588973836237,1376.3551183777097,dense,Mobifone|Viettel|Vinaphone,GSM|LTE|UMTS,645,34
102.25,22.29693619458359,103.8569905972918,1389.2416330041867,dense,Mobifone|Viettel|Vinaphone,GSM|LTE|UMTS,855,31
102.5,22.29719099533097,103.8551720133401,1393.5292315822594,dense,Mobifone|Vietnamobile|Viettel|Vinaphone,GSM|LTE|UMTS,1031,28
102.75,22.298236640890384,103.85400293371814,1349.8654736368524,dense,Mobifone|Vietnamobile|Viettel|Vinaphone,GSM|LTE|UMTS,1135,30
103.0,22.297963869547594,103.85209626049947,1360.6953047773177,dense,Mobifone|Vietnamobile|Viettel|Vinaphone,GSM|LTE|UMTS,1333,20
103.25,22.299427121811952,103.85159986078635,1340.4826073751979,dense,Mobifone|Vietnamobile|Viettel|Vinaphone,GSM|LTE|UMTS,1379,29
103.5,22.300185451745662,103.85075222603112,1316.9463041142317,dense,Mobifone|Vietnamobile|Viettel|Vinaphone,GSM|LTE|UMTS,1472,31
103.75,22.299619588964624,103.8488408496592,1326.0473229190188,dense,Mobifone|Vietnamobile|Viettel|Vinaphone,GSM|LTE|UMTS,1664,26
104.0,22.299679035668447,103.84677436195365,1344.9692271682509,dense,Mobifone|Vietnamobile|Viettel|Vinaphone,GSM|LTE|UMTS,1877,23
104.25,22.29963992251824,103.84534218009908,1330.557754677575,dense,Mobifone|Vietnamobile|Viettel|Vinaphone,GSM|LTE|UMTS,2024,20
104.5,22.298853165419185,103.84431252095814,1319.6760919969756,dense,Mobifone|Vietnamobile|Viettel|Vinaphone,GSM|LTE|UMTS,2128,17
104.75,22.300473058531118,103.84369345902822,1292.0305568269257,dense,Mobifone|Vietnamobile|Viettel|Vinaphone,GSM|LTE|UMTS,2198,22
105.0,22.30216279585379,103.84260929824333,1287.7958124808574,dense,Mobifone|Vietnamobile|Viettel|Vinaphone,GSM|LTE|UMTS,2243,35
105.25,22.303032894234725,103.84095809796241,1289.6622257819536,dense,Mobifone|Vietnamobile|Viettel|Vinaphone,GSM|LTE|UMTS,2341,42
105.5,22.30305955380298,103.8391747784788,1268.3469612536644,dense,Mobifone|Vietnamobile|Viettel|Vinaphone,GSM|LTE|UMTS,2361,42
105.75,22.304406290197313,103.83811593529597,1223.762069116567,dense,Mobifone|Vietnamobile|Viettel|Vinaphone,GSM|LTE|UMTS,2236,58
106.0,22.305802073832,103.83969819225213,1209.4021916489328,dense,Mobifone|Vietnamobile|Viettel|Vinaphone,GSM|LTE|UMTS,2052,75
106.25,22.306993931509183,103.84095751138672,1193.351668870659,dense,Mobifone|Vietnamobile|Viettel|Vinaphone,GSM|LTE|UMTS,1903,96
106.5,22.30837655372175,103.84277015774595,1157.3110922726287,dense,Mobifone|Vietnamobile|Viettel|Vinaphone,GSM|LTE|UMTS,1737,133
106.75,22.31023732765961,103.84348353228495,1140.834719548581,dense,Mobifone|Vietnamobile|Viettel|Vinaphone,GSM|LTE|UMTS,1531,165
107.0,22.312025,103.8438218721459,1133.7265120196478,dense,Mobifone|Vietnamobile|Viettel|Vinaphone,GSM|LTE|UMTS,1334,188
107.25,22.313147457546076,103.84575011131334,1127.131191227888,dense,Mobifone|Vietnamobile|Viettel|Vinaphone,GSM|LTE|UMTS,1218,203
107.5,22.313745018894675,103.84788987314815,1105.8965362033566,dense,Mobifone|Vietnamobile|Viettel|Vinaphone,GSM|LTE|UMTS,1019,213
107.75,22.314627005446372,103.84982658697359,1082.2563472599832,dense,Mobifone|Vietnamobile|Viettel|Vinaphone,GSM|LTE|UMTS,800,216
108.0,22.3161711341276,103.84853945157559,1108.1576423711003,dense,Mobifone|Vietnamobile|Viettel|Vinaphone,GSM|LTE|UMTS,777,217
108.25,22.31701365788132,103.84647193734465,1117.5288669790739,dense,Mobifone|Vietnamobile|Viettel|Vinaphone,GSM|LTE|UMTS,855,215
108.5,22.31901904427918,103.84659504427918,1176.1909295132832,dense,Mobifone|Vietnamobile|Viettel|Vinaphone,GSM|LTE|UMTS,666,217
108.75,22.320301879722628,103.84685112027738,1168.0256606297405,dense,Mobifone|Vietnamobile|Viettel|Vinaphone,GSM|LTE|UMTS,571,216
109.0,22.321842336848793,103.8454060421061,1172.4653422823662,dense,Mobifone|Vietnamobile|Viettel|Vinaphone,GSM|LTE|UMTS,345,224
109.25,22.323502343412336,103.84442885313224,1188.633988035034,dense,Mobifone|Vietnamobile|Viettel|Vinaphone,GSM|LTE|UMTS,157,226
109.5,22.323971975510954,103.84220459092863,1183.8972005693845,dense,Mobifone|Vietnamobile|Viettel|Vinaphone,GSM|LTE|UMTS,82,228
109.75,22.325039840080684,103.8402870298588,1194.5362717593964,dense,Mobifone|Vietnamobile|Viettel|Vinaphone,GSM|LTE|UMTS,299,229
110.0,22.326177335560466,103.83833299164824,1219.0079524691619,dense,Mobifone|Vietnamobile|Viettel|Vinaphone,GSM|LTE|UMTS,265,232
110.25,22.327045396857464,103.8362032966589,1225.5589940524026,dense,Mobifone|Vietnamobile|Viettel|Vinaphone,GSM|LTE|UMTS,124,230
110.5,22.328302869830512,103.83522834216654,1248.4993833509477,dense,Mobifone|Vietnamobile|Viettel|Vinaphone,GSM|LTE|UMTS,41,228
110.75,22.32887720274322,103.83604721369291,1271.7943139987885,dense,Mobifone|Vietnamobile|Viettel|Vinaphone,GSM|LTE|UMTS,109,228
111.0,22.32936772967578,103.83385627481299,1274.8701690985015,dense,Mobifone|Vietnamobile|Viettel|Vinaphone,GSM|LTE|UMTS,43,228
111.25,22.330168332598856,103.8322017792957,1295.789829211222,dense,Mobifone|Vietnamobile|Viettel|Vinaphone,GSM|LTE|UMTS,186,225
111.5,22.331190075513245,103.83012455302979,1270.151063089167,dense,Mobifone|Vietnamobile|Viettel|Vinaphone,GSM|LTE|UMTS,91,225
111.75,22.33145857676335,103.82795851689424,1288.3135851231145,dense,Mobifone|Vietnamobile|Viettel|Vinaphone,GSM|LTE|UMTS,198,223
112.0,22.33175168967576,103.825845252901,1301.350767819041,dense,Mobifone|Vietnamobile|Viettel|Vinaphone,GSM|LTE|UMTS,183,221
112.25,22.33230948599293,103.82359719934982,1319.4177168879758,dense,Mobifone|Vietnamobile|Viettel|Vinaphone,GSM|LTE|UMTS,358,208
112.5,22.334241325103587,103.8225200837565,1337.4810068858026,dense,Mobifone|Vietnamobile|Viettel|Vinaphone,GSM|LTE|UMTS,250,207
112.75,22.335654529085225,103.82112045650977,1356.4407949267259,dense,Mobifone|Vietnamobile|Viettel|Vinaphone,GSM|LTE|UMTS,40,201
113.0,22.336706773839335,103.81927596867173,1371.1619303199604,dense,Mobifone|Vietnamobile|Viettel|Vinaphone,GSM|LTE|UMTS,194,190
113.25,22.338218304525494,103.81754507870441,1383.1232352546408,dense,Mobifone|Vietnamobile|Viettel|Vinaphone,GSM|LTE|UMTS,328,176
113.5,22.339584212279604,103.81574331711266,1380.760831607302,dense,Mobifone|Vietnamobile|Viettel|Vinaphone,GSM|LTE|UMTS,89,154
113.75,22.340777778231153,103.81393206277961,1400.9493041373992,dense,Mobifone|Vietnamobile|Viettel|Vinaphone,GSM|LTE|UMTS,140,128
114.0,22.342320939887998,103.812499409832,1389.466550057112,dense,Mobifone|Vietnamobile|Viettel|Vinaphone,GSM|LTE|UMTS,172,89
114.25,22.34171828877107,103.81051425534936,1358.9268971600777,dense,Mobifone|Vietnamobile|Viettel|Vinaphone,GSM|LTE|UMTS,386,76
114.5,22.340356980376427,103.80903656467757,1359.9199102467583,dense,Mobifone|Vietnamobile|Viettel|Vinaphone,GSM|LTE|UMTS,589,67
114.75,22.341251434659817,103.80769769602054,1431.5021701439773,dense,Mobifone|Vietnamobile|Viettel|Vinaphone,GSM|LTE|UMTS,529,55
115.0,22.342760779705806,103.80614428404388,1487.0429943801694,dense,Mobifone|Vietnamobile|Viettel|Vinaphone,GSM|LTE|UMTS,408,47
115.25,22.343597110899264,103.80588854851842,1484.5439917578365,dense,Mobifone|Vietnamobile|Viettel|Vinaphone,GSM|LTE|UMTS,344,47
115.5,22.345653892057893,103.80521570864416,1479.5699180101,dense,Mobifone|Vietnamobile|Viettel|Vinaphone,GSM|LTE|UMTS,289,47
115.75,22.347706720213427,103.80445951191463,1459.6020253625816,dense,Mobifone|Vietnamobile|Viettel|Vinaphone,GSM|LTE|UMTS,411,43
116.0,22.349297139815498,103.80324945006589,1477.9950518386647,dense,Mobifone|Vietnamobile|Viettel|Vinaphone,GSM|LTE|UMTS,611,42
116.25,22.350656148625376,103.80237244511818,1469.5598063647278,dense,Mobifone|Vietnamobile|Viettel|Vinaphone,GSM|LTE|UMTS,777,37
116.5,22.352192749810577,103.80273008336842,1430.7686641524253,dense,Mobifone|Vietnamobile|Viettel|Vinaphone,GSM|LTE|UMTS,876,37
116.75,22.353284342411687,103.80341351084044,1451.8317904785936,dense,Mobifone|Vietnamobile|Viettel|Vinaphone,GSM|LTE|UMTS,778,36
117.0,22.355064135384318,103.80257714119651,1496.0884955902934,dense,Mobifone|Vietnamobile|Viettel|Vinaphone,GSM|LTE|UMTS,737,36
117.25,22.357116086513102,103.80192201441885,1551.2847595936396,dense,Mobifone|Vietnamobile|Viettel|Vinaphone,GSM|LTE|UMTS,654,29
117.5,22.358179115686795,103.80054855900103,1558.4515903024744,dense,Mobifone|Vietnamobile|Viettel|Vinaphone,GSM|LTE|UMTS,556,26
117.75,22.358881181435045,103.7984562419134,1573.2222599495353,dense,Mobifone|Vietnamobile|Viettel|Vinaphone,GSM|LTE|UMTS,426,24
118.0,22.360129763846498,103.79668429519188,1626.205477557087,dense,Mobifone|Vietnamobile|Viettel|Vinaphone,GSM|LTE|UMTS,198,23
118.25,22.36199505275347,103.79657410550695,1656.3876155087385,dense,Mobifone|Viettel|Vinaphone,GSM|LTE|UMTS,162,21
118.5,22.363018189426366,103.79844255154109,1692.2434492570017,dense,Mobifone|Viettel|Vinaphone,GSM|LTE|UMTS,354,22
118.75,22.36473462552978,103.79999059187233,1699.3135349364447,dense,Mobifone|Viettel|Vinaphone,GSM|LTE|UMTS,283,21
119.0,22.36615590666297,103.80154980289936,1723.6816720533493,dense,Mobifone|Viettel|Vinaphone,GSM|LTE|UMTS,176,21
119.25,22.36813888072954,103.80225827522369,1739.8447890209916,dense,Mobifone|Viettel|Vinaphone,GSM|LTE|UMTS,148,21
119.5,22.369978636139397,103.80256378510359,1764.484601702143,dense,Mobifone|Viettel|Vinaphone,GSM|LTE|UMTS,334,20
119.75,22.37199254505125,103.80310689230534,1820.246386563709,dense,Mobifone|Viettel|Vinaphone,GSM|LTE|UMTS,555,20
120.0,22.372765858153933,103.80477702364101,1838.2981107255262,dense,Mobifone|Viettel|Vinaphone,GSM|LTE|UMTS,667,20
120.25,22.371986296761776,103.80547896702647,1878.2221254463082,dense,Mobifone|Viettel|Vinaphone,GSM|LTE|UMTS,610,20
120.5,22.370280995193642,103.806778,1922.3484978069612,dense,Mobifone|Viettel|Vinaphone,GSM|LTE|UMTS,533,21
120.75,22.369122718112134,103.8080471543364,1964.316248831533,dense,Mobifone|Viettel|Vinaphone,GSM|LTE|UMTS,555,22
121.0,22.370140129269494,103.80984842196446,2011.7813422798909,dense,Mobifone|Viettel|Vinaphone,GSM|LTE|UMTS,758,22
121.25,22.37024385284077,103.81167825752865,2078.0143398833366,dense,Mobifone|Viettel|Vinaphone,GSM|LTE|UMTS,901,23
121.5,22.370059,103.81361570987772,2137.5413910346874,dense,Mobifone|Viettel|Vinaphone,GSM|LTE|UMTS,1049,24
121.75,22.37159655732499,103.81506092887498,2199.759647015279,dense,Mobifone|Viettel|Vinaphone,GSM|LTE|UMTS,1268,23
122.0,22.37357315104131,103.81473031666782,2198.9991603789363,dense,Mobifone|Viettel|Vinaphone,GSM|LTE|UMTS,1382,20
122.25,22.374755670342335,103.8128384944865,2199.556710420179,dense,Mobifone|Viettel|Vinaphone,GSM|LTE|UMTS,1329,20
122.5,22.376080864651104,103.8109467772675,2248.850212124074,dense,Mobifone|Viettel|Vinaphone,GSM|LTE|UMTS,1299,19
122.75,22.37800284902982,103.80986343871272,2262.3502271800257,dense,Mobifone|Viettel|Vinaphone,GSM|LTE|UMTS,1412,18
123.0,22.379785889808264,103.80849852754794,2308.7702148716826,dense,Mobifone|Viettel|Vinaphone,GSM|LTE|UMTS,1530,17
123.25,22.381668427735505,103.80922122316635,2251.1619452434547,dense,Mobifone|Viettel|Vinaphone,GSM|LTE|UMTS,1736,14
123.5,22.383796655651008,103.80971384948627,2224.5348394505754,dense,Mobifone|Viettel,GSM|LTE|UMTS,1950,13
123.75,22.38545350084531,103.81089241934347,2186.43319251948,moderate,Viettel,GSM|LTE|UMTS,2170,8
124.0,22.387074617591423,103.81056446319357,2130.532947729109,moderate,Viettel,GSM|LTE|UMTS,2296,7
124.25,22.389140402807474,103.81127172037434,2114.323480762298,moderate,Viettel,GSM|LTE|UMTS,2528,4
124.5,22.390857307650734,103.811113,2014.1650679258712,moderate,Viettel,GSM|LTE|UMTS,2683,3
124.75,22.39234743096631,103.81256391222519,2034.393058384254,sparse,Viettel,LTE|UMTS,2901,2
125.0,22.392731623585536,103.81456262358554,1962.771979125012,sparse,Mobifone,UMTS,2844,1
125.25,22.393012146352874,103.81684643905862,1881.6058449047202,sparse,Mobifone,UMTS,2607,1
125.5,22.393120306766413,103.81886377293435,1806.3639940672954,sparse,Mobifone,UMTS,2400,1
125.75,22.393050066598637,103.82114085460111,1747.4278070132993,sparse,Mobifone|Vinaphone,GSM|UMTS,2169,2
126.0,22.393790224298208,103.8228170841233,1661.3020908355932,sparse,Mobifone|Vinaphone,GSM|UMTS,1987,2
126.25,22.393845099698527,103.82476060917314,1563.2783090920693,sparse,Mobifone|Vinaphone,GSM|UMTS,1788,2
126.5,22.39336640081661,103.82592740081661,1497.3880522767556,sparse,Mobifone|Vinaphone,GSM|UMTS,1678,2
126.75,22.39362712687849,103.82807719282238,1437.8446874256558,sparse,Mobifone|Vinaphone,GSM|UMTS,1456,2
127.0,22.39418396131495,103.8299126977064,1395.3493091511373,moderate,Mobifone|Viettel|Vinaphone,GSM|UMTS,1259,3
127.25,22.395622580112203,103.82895533765347,1387.0093072058157,sparse,Mobifone|Vinaphone,GSM|UMTS,1342,2
127.5,22.39706560736919,103.82920941042005,1356.5676101550152,sparse,Mobifone|Vinaphone,GSM|UMTS,1320,2
127.75,22.397094099468905,103.83135361805714,1336.1524124009711,sparse,Mobifone|Vinaphone,GSM|UMTS,1101,2
128.0,22.39734851716053,103.83368986193422,1314.0355084971238,moderate,Mobifone|Viettel|Vinaphone,GSM|UMTS,867,3
128.25,22.397057082925375,103.83580352143598,1302.4041265390897,moderate,Mobifone|Viettel|Vinaphone,GSM|UMTS,648,3
128.5,22.398788471469906,103.83659366966869,1308.3815578046676,moderate,Mobifone|Viettel|Vinaphone,GSM|UMTS,636,3
128.75,22.4002765512018,103.83784375657805,1302.044416707035,moderate,Mobifone|Viettel|Vinaphone,GSM|UMTS,639,3
129.0,22.39923254725453,103.83987597899798,1279.93945957282,moderate,Mobifone|Viettel|Vinaphone,GSM|UMTS,421,3
129.25,22.397642525362713,103.8415394317982,1281.2671682949942,moderate,Mobifone|Viettel|Vinaphone,GSM|UMTS,189,3
129.5,22.397641807873853,103.84353591131867,1272.3221849497243,moderate,Mobifone|Viettel|Vinaphone,GSM|UMTS,241,3
129.75,22.398182798949737,103.84573947779444,1268.831582864045,moderate,Mobifone|Viettel|Vinaphone,GSM|UMTS,455,3
130.0,22.396957220680537,103.84659735586389,1263.4082384896758,moderate,Mobifone|Viettel|Vinaphone,GSM|UMTS,484,3
130.25,22.395178355118905,103.8475954010611,1271.2422100209922,moderate,Mobifone|Viettel|Vinaphone,GSM|UMTS,431,3
130.5,22.393283535726834,103.84866085709267,1309.6706961584982,moderate,Mobifone|Viettel|Vinaphone,GSM|UMTS,198,3
130.75,22.39219162770485,103.84963783426241,1346.1557683999513,moderate,Mobifone|Viettel|Vinaphone,GSM|UMTS,43,3
131.0,22.39121120705105,103.85132057268284,1370.8265695154826,moderate,Mobifone|Viettel|Vinaphone,GSM|UMTS,162,5
131.25,22.389728193390713,103.85253382191053,1413.9609542941153,dense,Mobifone|Viettel|Vinaphone,GSM|LTE|UMTS,363,10
131.5,22.38826049326503,103.85352641778915,1401.7616525714982,dense,Mobifone|Vietnamobile|Viettel|Vinaphone,GSM|LTE|UMTS,552,14
131.75,22.388564555285132,103.85500397174897,1445.0069636482763,dense,Mobifone|Vietnamobile|Viettel|Vinaphone,GSM|LTE|UMTS,641,14
132.0,22.387343902048375,103.85663073196775,1444.3943393900902,dense,Mobifone|Vietnamobile|Viettel|Vinaphone,GSM|LTE|UMTS,856,17
132.25,22.38581279520841,103.85811100299475,1418.3405282750339,dense,Mobifone|Vietnamobile|Viettel|Vinaphone,GSM|LTE|UMTS,1072,19
132.5,22.384266549486355,103.85861081868579,1469.803911542359,dense,Mobifone|Vietnamobile|Viettel|Vinaphone,GSM|LTE|UMTS,973,22
132.75,22.38264189650126,103.8598,1488.6646830724667,dense,Mobifone|Vietnamobile|Viettel|Vinaphone,GSM|LTE|UMTS,954,22
133.0,22.381165513399047,103.86018882369477,1527.7705643966028,dense,Mobifone|Vietnamobile|Viettel|Vinaphone,GSM|LTE|UMTS,913,22
133.25,22.3794852098225,103.86099512476487,1563.129664400517,dense,Mobifone|Vietnamobile|Viettel|Vinaphone,GSM|LTE|UMTS,940,22
133.5,22.377391877465126,103.860801,1514.69390571245,dense,Mobifone|Vietnamobile|Viettel|Vinaphone,GSM|LTE|UMTS,907,22
133.75,22.375833700656575,103.86024665789323,1499.4366538305621,dense,Mobifone|Vietnamobile|Viettel|Vinaphone,GSM|LTE|UMTS,881,23
134.0,22.37586442574006,103.86243345915385,1491.1072540344228,dense,Vietnamobile|Viettel|Vinaphone,GSM|LTE|UMTS,937,22
134.25,22.37625086231171,103.86392687482883,1464.6415249695074,dense,Vietnamobile|Viettel|Vinaphone,GSM|LTE|UMTS,812,21
134.5,22.376125080833884,103.86609848683256,1420.1076057879475,dense,Vietnamobile|Viettel|Vinaphone,GSM|LTE|UMTS,612,21
134.75,22.37487808514539,103.86786338755192,1359.8127621399797,dense,Vietnamobile|Viettel|Vinaphone,GSM|LTE|UMTS,384,21
135.0,22.373377863042336,103.86753907669629,1301.5863996111234,dense,Vietnamobile|Viettel|Vinaphone,GSM|LTE|UMTS,358,21
135.25,22.371384000967662,103.86805918468343,1310.9637475067634,dense,Vietnamobile|Viettel|Vinaphone,GSM|LTE|UMTS,252,21
135.5,22.370122634196722,103.8673335487049,1304.265253424811,dense,Vietnamobile|Viettel|Vinaphone,GSM|LTE|UMTS,275,21
135.75,22.368368140455992,103.86642745108033,1297.224328236381,dense,Vietnamobile|Viettel|Vinaphone,GSM|LTE|UMTS,270,22
136.0,22.366934185157408,103.86516385819598,1286.258446005828,dense,Vietnamobile|Viettel|Vinaphone,GSM|LTE|UMTS,215,23
136.25,22.3679782989266,103.86689167336492,1269.0355989694663,dense,Vietnamobile|Viettel|Vinaphone,GSM|LTE|UMTS,220,22
136.5,22.36696947655519,103.86808093718663,1250.0409202486148,dense,Vietnamobile|Viettel|Vinaphone,GSM|LTE|UMTS,108,22
136.75,22.36799299506445,103.86924799177409,1241.7745274038994,dense,Vietnamobile|Viettel|Vinaphone,GSM|LTE|UMTS,136,21
137.0,22.369055584458017,103.87051458445802,1291.9924216395111,dense,Vietnamobile|Viettel|Vinaphone,GSM|LTE|UMTS,53,20
137.25,22.367481129315404,103.87118574136919,1326.6552413954748,dense,Vietnamobile|Viettel|Vinaphone,GSM|LTE|UMTS,208,21
137.5,22.366858,103.87311882066129,1359.7673073507526,dense,Vietnamobile|Viettel|Vinaphone,GSM|LTE|UMTS,399,20
137.75,22.36595822375996,103.87471251518676,1409.4765316060145,dense,Vietnamobile|Viettel|Vinaphone,GSM|LTE|UMTS,590,20
138.0,22.36454605898731,103.87601213891831,1412.5285083348774,dense,Vietnamobile|Viettel|Vinaphone,GSM|LTE|UMTS,792,20
138.25,22.364895704955416,103.87728878678556,1466.7851980512212,dense,Vietnamobile|Viettel|Vinaphone,GSM|LTE|UMTS,860,20
138.5,22.363694194678924,103.87915354315365,1509.9137647674913,dense,Vietnamobile|Viettel|Vinaphone,GSM|LTE|UMTS,1093,19
138.75,22.363639503593276,103.88132137987766,1531.2220095353996,dense,Vietnamobile|Viettel|Vinaphone,GSM|LTE|UMTS,1275,19
139.0,22.362298,103.88277253708269,1544.3720927834643,dense,Vietnamobile|Viettel|Vinaphone,GSM|LTE|UMTS,1483,19
139.25,22.36167852404904,103.88478743036781,1569.3007264098526,dense,Vietnamobile|Viettel|Vinaphone,GSM|LTE|UMTS,1678,19
139.5,22.36016565011549,103.88602100249177,1608.4479888083363,dense,Vietnamobile|Viettel|Vinaphone,GSM|LTE|UMTS,1888,19
139.75,22.35829794989134,103.88706753758149,1631.423707663442,dense,Vietnamobile|Viettel|Vinaphone,GSM|LTE|UMTS,2103,18
140.0,22.35648946453464,103.88590345389865,1641.4042452996102,dense,Vietnamobile|Viettel|Vinaphone,GSM|LTE|UMTS,2123,19
140.25,22.35462751296833,103.88507792671881,1659.988071875171,dense,Vietnamobile|Viettel|Vinaphone,GSM|LTE|UMTS,1926,19
140.5,22.353426627050236,103.88356470665192,1643.4073813767284,dense,Vietnamobile|Viettel|Vinaphone,GSM|LTE|UMTS,1740,19
140.75,22.351573458136624,103.88315422166153,1651.7897593457214,dense,Vietnamobile|Viettel|Vinaphone,GSM|LTE|UMTS,1535,19
141.0,22.350098187774265,103.8821602736674,1625.279802690217,dense,Vietnamobile|Viettel|Vinaphone,GSM|LTE|UMTS,1343,19
141.25,22.348106189586762,103.88219127880876,1611.1880437867933,dense,Vietnamobile|Viettel|Vinaphone,GSM|LTE|UMTS,1145,19
141.5,22.34649940917125,103.8824400605525,1615.115042509758,dense,Vietnamobile|Viettel|Vinaphone,GSM|LTE|UMTS,1004,16
141.75,22.344472988320348,103.88321250583982,1633.6392549312668,dense,Mobifone|Vietnamobile|Viettel|Vinaphone,GSM|LTE|UMTS,882,12
142.0,22.34236848197165,103.88363431475355,1669.1410462250876,dense,Mobifone|Vietnamobile|Viettel|Vinaphone,GSM|LTE|UMTS,778,10
142.25,22.340604459773388,103.88451683465895,1697.4704849737218,dense,Mobifone|Vietnamobile|Viettel|Vinaphone,GSM|UMTS,793,10
142.5,22.339572099552857,103.88577731281019,1726.9610681622723,dense,Mobifone|Vietnamobile|Viettel|Vinaphone,GSM|UMTS,905,12
142.75,22.337453374196958,103.88528732165801,1735.3913394013532,dense,Mobifone|Vietnamobile|Viettel|Vinaphone,GSM|UMTS,870,16
143.0,22.33564725519545,103.88525106234542,1753.057080076748,dense,Mobifone|Vietnamobile|Viettel|Vinaphone,GSM|UMTS,927,21
143.25,22.33388640623755,103.88564212396373,1755.8914400499111,dense,Mobifone|Vietnamobile|Viettel|Vinaphone,GSM|UMTS,1055,23
143.5,22.331714320234607,103.88598003431085,1714.5269962213983,dense,Mobifone|Vietnamobile|Viettel|Vinaphone,GSM|UMTS,1229,29
143.75,22.329878,103.8867290564867,1752.2401585467458,dense,Mobifone|Vietnamobile|Viettel|Vinaphone,GSM|UMTS,1345,30
144.0,22.327931798327995,103.88750150519388,1747.0174674462194,dense,Mobifone|Vietnamobile|Viettel|Vinaphone,GSM|UMTS,1197,33
144.25,22.325967137239523,103.88782757719723,1725.8639586311006,dense,Mobifone|Vietnamobile|Viettel|Vinaphone,GSM|UMTS,1046,35
144.5,22.325019465170154,103.88982042519915,1711.6470056879284,dense,Mobifone|Vietnamobile|Viettel|Vinaphone,GSM|UMTS,1127,32
144.75,22.323964761497443,103.89131265133675,1674.3965687608707,dense,Mobifone|Vietnamobile|Viettel|Vinaphone,GSM|UMTS,1196,32
145.0,22.322339004690704,103.89231400521189,1633.180567888543,dense,Mobifone|Vietnamobile|Viettel|Vinaphone,GSM|UMTS,1222,35
145.25,22.321879719503524,103.89352559751764,1610.5055600704009,dense,Mobifone|Vietnamobile|Viettel|Vinaphone,GSM|UMTS,1328,33
145.5,22.320889869457,103.89526182635748,1567.2781923616312,dense,Mobifone|Vietnamobile|Viettel|Vinaphone,GSM|UMTS,1476,33
145.75,22.319630008770506,103.89488712609632,1543.4334837850313,dense,Mobifone|Vietnamobile|Viettel|Vinaphone,GSM|UMTS,1374,34
146.0,22.318622439070907,103.89655910541565,1523.3729923893804,dense,Mobifone|Vietnamobile|Viettel|Vinaphone,GSM|UMTS,1428,34
146.25,22.317318431092275,103.89778323361374,1504.7573592442666,dense,Mobifone|Vietnamobile|Viettel|Vinaphone,GSM|UMTS,1317,34
146.5,22.315436070007994,103.898831258751,1464.9162342144882,dense,Mobifone|Vietnamobile|Viettel|Vinaphone,GSM|UMTS,1161,34
146.75,22.315516178879182,103.90071644420307,1443.2987180024604,dense,Mobifone|Vietnamobile|Viettel|Vinaphone,GSM|UMTS,1264,33
147.0,22.314510458785108,103.90279904791666,1445.8642788238792,dense,Mobifone|Vietnamobile|Viettel|Vinaphone,GSM|UMTS,1310,33
147.25,22.31334308650754,103.90460440624348,1446.5610537707523,dense,Mobifone|Vietnamobile|Viettel|Vinaphone,GSM|UMTS,1363,32
147.5,22.31140681327415,103.90478478593616,1404.3056392624756,dense,Mobifone|Vietnamobile|Viettel|Vinaphone,GSM|UMTS,1262,32
147.75,22.310775234238026,103.90543199876173,1348.6722445018363,dense,Mobifone|Vietnamobile|Viettel|Vinaphone,GSM|UMTS,1209,28
148.0,22.3101429496281,103.90630315447646,1297.358953226194,dense,Mobifone|Vietnamobile|Viettel|Vinaphone,GSM|UMTS,1130,27
148.25,22.309093902900987,103.90642150904249,1237.6353634255988,dense,Mobifone|Vietnamobile|Viettel|Vinaphone,GSM|UMTS,1013,27
148.5,22.309241480853036,103.90762810260135,1226.3049851111937,dense,Mobifone|Vietnamobile|Viettel|Vinaphone,GSM|UMTS,1030,22
148.75,22.307414044781257,103.90794395521874,1170.982904772271,dense,Mobifone|Vietnamobile|Viettel|Vinaphone,GSM|UMTS,830,20
149.0,22.305989459659287,103.90954821391823,1155.9364840626056,dense,Mobifone|Vietnamobile|Viettel|Vinaphone,GSM|UMTS,716,19
149.25,22.30473705313467,103.91145957731231,1164.299498565819,dense,Mobifone|Viettel|Vinaphone,GSM|UMTS,699,16
149.5,22.303097271460814,103.91298354827973,1150.0592003698569,dense,Mobifone|Viettel|Vinaphone,GSM|UMTS,705,15
149.75,22.302695563537153,103.91514521419207,1153.3206667950715,dense,Mobifone|Viettel|Vinaphone,GSM|UMTS,890,14
150.0,22.302138481856677,103.9171657530239,1144.4041497995763,dense,Mobifone|Viettel|Vinaphone,GSM|UMTS,1073,13
150.25,22.301954950473316,103.91904695047332,1181.3506375947468,dense,Mobifone|Viettel|Vinaphone,GSM|UMTS,1258,12
150.5,22.301482928547358,103.92062922129065,1203.900317092919,dense,Mobifone|Viettel|Vinaphone,GSM|UMTS,1412,9
150.75,22.300556748243935,103.92170992799852,1196.7750174156022,moderate,Mobifone|Viettel|Vinaphone,GSM|UMTS,1515,8
151.0,22.300098906757665,103.92343242689428,1199.6623254480378,moderate,Viettel|Vinaphone,GSM|UMTS,1691,6
151.25,22.29928637732651,103.92482693773266,1211.2925670639645,moderate,Viettel|Vinaphone,GSM|UMTS,1836,6
151.5,22.29765838324634,103.92580861675366,1183.3338589555317,moderate,Viettel|Vinaphone,GSM|UMTS,1952,6
151.75,22.29754854073608,103.92778437779175,1216.0421464293327,moderate,Viettel|Vinaphone,GSM|UMTS,2156,4
152.0,22.296175973004676,103.92939085861323,1213.0450730156729,moderate,Viettel|Vinaphone,GSM|UMTS,2342,3
152.25,22.294768155055014,103.93107783633081,1237.48161381644,moderate,Mobifone|Viettel|Vinaphone,GSM|UMTS,2326,4
152.5,22.293125496659364,103.93251201336254,1267.5832917155606,moderate,Mobifone|Viettel|Vinaphone,GSM|UMTS,2093,4
152.75,22.29184575654081,103.93397760384354,1307.0109230213948,moderate,Mobifone|Viettel|Vinaphone,GSM|UMTS,1894,3
153.0,22.290979180519855,103.93611127792059,1324.1271229962658,sparse,Mobifone|Vinaphone,GSM|UMTS,1708,2
153.25,22.290777597363554,103.93828092079093,1331.3914174785443,sparse,Mobifone|Vinaphone,GSM|UMTS,1607,2
153.5,22.290118198581954,103.94046268895553,1346.7090392797375,sparse,Mobifone|Vinaphone,GSM|UMTS,1482,2
153.75,22.289863288970324,103.94273925478193,1390.4711484102152,moderate,Mobifone|Viettel|Vinaphone,GSM|UMTS,1431,3
154.0,22.289255028537863,103.94465269996084,1398.2514377279497,moderate,Mobifone|Viettel|Vinaphone,GSM|UMTS,1373,3
154.25,22.29075642216302,103.94534610395738,1416.2514407410413,moderate,Mobifone|Viettel|Vinaphone,GSM|UMTS,1549,3
154.5,22.292087241279535,103.9470471251079,1399.7989166307968,moderate,Mobifone|Viettel|Vinaphone,GSM|UMTS,1729,3
154.75,22.29377,103.94811120195745,1365.048548238851,moderate,Mobifone|Viettel|Vinaphone,GSM|UMTS,1937,3
155.0,22.294267152031207,103.94673106889263,1331.6741297153114,moderate,Mobifone|Viettel|Vinaphone,GSM|UMTS,1958,3
155.25,22.295116079677424,103.94870308833332,1265.0971598668464,moderate,Mobifone|Viettel|Vinaphone,GSM|UMTS,2098,3
155.5,22.295847317858016,103.94874758000488,1230.2705501474597,moderate,Mobifone|Viettel|Vinaphone,GSM|UMTS,2178,3
155.75,22.29476350225027,103.9503631224122,1187.1253474379914,moderate,Mobifone|Viettel|Vinaphone,GSM|UMTS,2116,3
156.0,22.293443023321014,103.95144744709916,1145.2381215367561,moderate,Mobifone|Viettel|Vinaphone,GSM|UMTS,2024,3
156.25,22.29184060677739,103.95206441240286,1125.783117868773,moderate,Mobifone|Viettel|Vinaphone,GSM|UMTS,1896,3
156.5,22.291829232601433,103.95372689823688,1084.6375361705084,moderate,Mobifone|Viettel|Vinaphone,GSM|UMTS,1984,3
156.75,22.290765039110255,103.95558266790242,1069.3034642394102,moderate,Mobifone|Viettel|Vinaphone,GSM|UMTS,2005,3
157.0,22.2905036314119,103.95698763822053,1026.9111048183127,moderate,Mobifone|Viettel|Vinaphone,GSM|UMTS,2008,3
157.25,22.288861765913964,103.95809758635606,1000.9385169438302,moderate,Mobifone|Viettel|Vinaphone,GSM|UMTS,1793,3
157.5,22.28774640586507,103.95977290271263,967.0745372587056,moderate,Mobifone|Viettel|Vinaphone,GSM|UMTS,1601,3
157.75,22.285841181374394,103.96064758235073,965.044185485568,moderate,Mobifone|Viettel|Vinaphone,GSM|UMTS,1371,3
158.0,22.28405081388879,103.96210344362146,957.6026320208894,moderate,Mobifone|Viettel|Vinaphone,GSM|UMTS,1125,3
158.25,22.282524863313622,103.96072055755576,965.6776264219833,moderate,Mobifone|Viettel|Vinaphone,GSM|UMTS,1057,3
158.5,22.281340720646472,103.96250249081584,964.560731747712,moderate,Mobifone|Viettel|Vinaphone,GSM|UMTS,843,3
158.75,22.28020856743363,103.96409636265489,963.1697771894085,moderate,Mobifone|Viettel|Vinaphone,GSM|UMTS,652,3
159.0,22.278378067505997,103.96433302759178,964.8571735152392,moderate,Mobifone|Viettel|Vinaphone,GSM|UMTS,465,3
159.25,22.2771324638334,103.96576777020498,952.8751529269036,moderate,Mobifone|Viettel|Vinaphone,GSM|UMTS,269,3
159.415,22.276212,103.966778,946.5012871692037,moderate,Mobifone|Viettel|Vinaphone,GSM|UMTS,137,3
